2026-09-10 18:28:48 [scrapy.utils.log] INFO: Scrapy 2.18.0 started (bot: marathi_scraper)
2026-09-10 18:28:48 [scrapy.utils.log] INFO: Versions:
{'lxml': '6.1.3',
 'libxml2': '2.11.9',
 'cssselect': '1.5.0',
 'parsel': '1.11.0',
 'w3lib': '2.4.1',
 'Twisted': '26.4.0',
 'Python': '3.12.10 (tags/v3.12.10:0cc8128, Apr  8 2025, 12:21:36) [MSC v.1943 '
           '64 bit (AMD64)]',
 'pyOpenSSL': '26.4.0 (OpenSSL 4.0.2 25 Aug 2026)',
 'cryptography': '50.0.1',
 'Platform': 'Windows-11-10.0.26200-SP0'}
2026-09-10 18:28:48 [finance_spider] INFO: Loaded 1 enabled source(s)
2026-09-10 18:28:48 [scrapy.addons] INFO: Enabled addons:
[]
2026-09-10 18:28:48 [scrapy.extensions.telnet] INFO: Telnet Password: a7675e45cd6499c5
2026-09-10 18:28:48 [scrapy.middleware] INFO: Enabled extensions:
['scrapy.extensions.corestats.CoreStats',
 'scrapy.extensions.logcount.LogCount',
 'scrapy.extensions.telnet.TelnetConsole',
 'scrapy.extensions.logstats.LogStats',
 'scrapy.extensions.spiderstate.SpiderState',
 'scrapy.extensions.throttle.AutoThrottle',
 'marathi_scraper.extensions.AutoCleanExtension']
2026-09-10 18:28:48 [scrapy.crawler] INFO: Overridden settings:
{'AUTOTHROTTLE_ENABLED': True,
 'AUTOTHROTTLE_MAX_DELAY': 10.0,
 'AUTOTHROTTLE_START_DELAY': 1.0,
 'AUTOTHROTTLE_TARGET_CONCURRENCY': 2.0,
 'BOT_NAME': 'marathi_scraper',
 'CONCURRENT_REQUESTS_PER_DOMAIN': 4,
 'DOWNLOAD_DELAY': 1.0,
 'FEED_EXPORT_ENCODING': 'utf-8',
 'JOBDIR': 'local/crawl_state/finance_spider',
 'LOG_FILE': 'crawl.log',
 'LOG_LEVEL': 'INFO',
 'NEWSPIDER_MODULE': 'marathi_scraper.spiders',
 'ROBOTSTXT_OBEY': True,
 'SPIDER_MODULES': ['marathi_scraper.spiders'],
 'USER_AGENT': 'MarathiFinCorpusBot/1.0 (+contact: replace-with-real-contact)'}
2026-09-10 18:28:48 [scrapy.middleware] INFO: Enabled downloader middlewares:
['scrapy.downloadermiddlewares.offsite.OffsiteMiddleware',
 'scrapy.downloadermiddlewares.robotstxt.RobotsTxtMiddleware',
 'scrapy.downloadermiddlewares.httpauth.HttpAuthMiddleware',
 'scrapy.downloadermiddlewares.downloadtimeout.DownloadTimeoutMiddleware',
 'scrapy.downloadermiddlewares.defaultheaders.DefaultHeadersMiddleware',
 'scrapy.downloadermiddlewares.useragent.UserAgentMiddleware',
 'scrapy.downloadermiddlewares.retry.RetryMiddleware',
 'scrapy.downloadermiddlewares.redirect.MetaRefreshMiddleware',
 'scrapy.downloadermiddlewares.httpcompression.HttpCompressionMiddleware',
 'scrapy.downloadermiddlewares.redirect.RedirectMiddleware',
 'scrapy.downloadermiddlewares.cookies.CookiesMiddleware',
 'scrapy.downloadermiddlewares.httpproxy.HttpProxyMiddleware',
 'scrapy.downloadermiddlewares.stats.DownloaderStats']
2026-09-10 18:28:48 [scrapy.middleware] INFO: Enabled spider middlewares:
['scrapy.spidermiddlewares.start.StartSpiderMiddleware',
 'scrapy.spidermiddlewares.httperror.HttpErrorMiddleware',
 'scrapy.spidermiddlewares.referer.RefererMiddleware',
 'scrapy.spidermiddlewares.urllength.UrlLengthMiddleware',
 'scrapy.spidermiddlewares.depth.DepthMiddleware',
 'scrapy.spidermiddlewares.metacopy.MetaCopyDetectionMiddleware']
2026-09-10 18:28:49 [scrapy.middleware] INFO: Enabled item pipelines:
['marathi_scraper.pipelines.ExtractPipeline',
 'marathi_scraper.pipelines.FilterPipeline',
 'marathi_scraper.pipelines.LocalJsonlPipeline']
2026-09-10 18:28:49 [py.warnings] WARNING: C:\Users\saket\Downloads\marathi_scraper\marathi_scraper\.venv\Lib\site-packages\scrapy\pipelines\__init__.py:66: ScrapyDeprecationWarning: ExtractPipeline.process_item() requires a spider argument, this is deprecated and the argument will not be passed in future Scrapy versions. If you need to access the spider instance you can save the crawler instance passed to from_crawler() and use its spider attribute.
  self._check_mw_method_spider_arg(mw.process_item)

2026-09-10 18:28:49 [py.warnings] WARNING: C:\Users\saket\Downloads\marathi_scraper\marathi_scraper\.venv\Lib\site-packages\scrapy\pipelines\__init__.py:66: ScrapyDeprecationWarning: FilterPipeline.process_item() requires a spider argument, this is deprecated and the argument will not be passed in future Scrapy versions. If you need to access the spider instance you can save the crawler instance passed to from_crawler() and use its spider attribute.
  self._check_mw_method_spider_arg(mw.process_item)

2026-09-10 18:28:49 [py.warnings] WARNING: C:\Users\saket\Downloads\marathi_scraper\marathi_scraper\.venv\Lib\site-packages\scrapy\pipelines\__init__.py:60: ScrapyDeprecationWarning: LocalJsonlPipeline.open_spider() requires a spider argument, this is deprecated and the argument will not be passed in future Scrapy versions. If you need to access the spider instance you can save the crawler instance passed to from_crawler() and use its spider attribute.
  self._check_mw_method_spider_arg(mw.open_spider)

2026-09-10 18:28:49 [py.warnings] WARNING: C:\Users\saket\Downloads\marathi_scraper\marathi_scraper\.venv\Lib\site-packages\scrapy\pipelines\__init__.py:63: ScrapyDeprecationWarning: LocalJsonlPipeline.close_spider() requires a spider argument, this is deprecated and the argument will not be passed in future Scrapy versions. If you need to access the spider instance you can save the crawler instance passed to from_crawler() and use its spider attribute.
  self._check_mw_method_spider_arg(mw.close_spider)

2026-09-10 18:28:49 [py.warnings] WARNING: C:\Users\saket\Downloads\marathi_scraper\marathi_scraper\.venv\Lib\site-packages\scrapy\pipelines\__init__.py:66: ScrapyDeprecationWarning: LocalJsonlPipeline.process_item() requires a spider argument, this is deprecated and the argument will not be passed in future Scrapy versions. If you need to access the spider instance you can save the crawler instance passed to from_crawler() and use its spider attribute.
  self._check_mw_method_spider_arg(mw.process_item)

2026-09-10 18:28:49 [scrapy.core.engine] INFO: Spider opened
2026-09-10 18:28:49 [scrapy.extensions.logstats] INFO: Crawled 0 pages (at 0 pages/min), scraped 0 items (at 0 items/min)
2026-09-10 18:28:49 [scrapy.extensions.telnet] INFO: Telnet console listening on 127.0.0.1:6023
2026-09-10 18:28:52 [scrapy.core.scraper] ERROR: Spider error processing <GET https://marathifinance.blog/terms-conditions/> (referer: https://marathifinance.blog/)
Traceback (most recent call last):
  File "C:\Users\saket\Downloads\marathi_scraper\marathi_scraper\.venv\Lib\site-packages\scrapy\utils\defer.py", line 373, in aiter_errback
    yield await anext(it)
          ^^^^^^^^^^^^^^^
  File "C:\Users\saket\Downloads\marathi_scraper\marathi_scraper\.venv\Lib\site-packages\scrapy\utils\python.py", line 366, in __anext__
    return await self.data.__anext__()
           ^^^^^^^^^^^^^^^^^^^^^^^^^^^
  File "C:\Users\saket\Downloads\marathi_scraper\marathi_scraper\.venv\Lib\site-packages\scrapy\utils\python.py", line 347, in _async_chain
    async for o in as_async_generator(it):
  File "C:\Users\saket\Downloads\marathi_scraper\marathi_scraper\.venv\Lib\site-packages\scrapy\utils\asyncgen.py", line 18, in as_async_generator
    async for r in it:
  File "C:\Users\saket\Downloads\marathi_scraper\marathi_scraper\.venv\Lib\site-packages\scrapy\utils\python.py", line 366, in __anext__
    return await self.data.__anext__()
           ^^^^^^^^^^^^^^^^^^^^^^^^^^^
  File "C:\Users\saket\Downloads\marathi_scraper\marathi_scraper\.venv\Lib\site-packages\scrapy\utils\python.py", line 347, in _async_chain
    async for o in as_async_generator(it):
  File "C:\Users\saket\Downloads\marathi_scraper\marathi_scraper\.venv\Lib\site-packages\scrapy\utils\asyncgen.py", line 18, in as_async_generator
    async for r in it:
  File "C:\Users\saket\Downloads\marathi_scraper\marathi_scraper\.venv\Lib\site-packages\scrapy\core\spidermw.py", line 111, in _evaluate_iterable
    exception_result: MutableAsyncChain[_T] = self._process_spider_exception(
                                              ^^^^^^^^^^^^^^^^^^^^^^^^^^^^^^^
  File "C:\Users\saket\Downloads\marathi_scraper\marathi_scraper\.venv\Lib\site-packages\scrapy\core\spidermw.py", line 150, in _process_spider_exception
    raise exception
  File "C:\Users\saket\Downloads\marathi_scraper\marathi_scraper\.venv\Lib\site-packages\scrapy\core\spidermw.py", line 108, in _evaluate_iterable
    async for r in iterable:
  File "C:\Users\saket\Downloads\marathi_scraper\marathi_scraper\.venv\Lib\site-packages\scrapy\utils\decorators.py", line 152, in asyncgen_inner
    async for item in func(*args, **kwargs):
  File "C:\Users\saket\Downloads\marathi_scraper\marathi_scraper\.venv\Lib\site-packages\scrapy\spidermiddlewares\base.py", line 67, in process_spider_output_async
    async for o in result:
  File "C:\Users\saket\Downloads\marathi_scraper\marathi_scraper\.venv\Lib\site-packages\scrapy\core\spidermw.py", line 111, in _evaluate_iterable
    exception_result: MutableAsyncChain[_T] = self._process_spider_exception(
                                              ^^^^^^^^^^^^^^^^^^^^^^^^^^^^^^^
  File "C:\Users\saket\Downloads\marathi_scraper\marathi_scraper\.venv\Lib\site-packages\scrapy\core\spidermw.py", line 150, in _process_spider_exception
    raise exception
  File "C:\Users\saket\Downloads\marathi_scraper\marathi_scraper\.venv\Lib\site-packages\scrapy\core\spidermw.py", line 108, in _evaluate_iterable
    async for r in iterable:
  File "C:\Users\saket\Downloads\marathi_scraper\marathi_scraper\.venv\Lib\site-packages\scrapy\utils\decorators.py", line 152, in asyncgen_inner
    async for item in func(*args, **kwargs):
  File "C:\Users\saket\Downloads\marathi_scraper\marathi_scraper\.venv\Lib\site-packages\scrapy\spidermiddlewares\base.py", line 67, in process_spider_output_async
    async for o in result:
  File "C:\Users\saket\Downloads\marathi_scraper\marathi_scraper\.venv\Lib\site-packages\scrapy\core\spidermw.py", line 111, in _evaluate_iterable
    exception_result: MutableAsyncChain[_T] = self._process_spider_exception(
                                              ^^^^^^^^^^^^^^^^^^^^^^^^^^^^^^^
  File "C:\Users\saket\Downloads\marathi_scraper\marathi_scraper\.venv\Lib\site-packages\scrapy\core\spidermw.py", line 150, in _process_spider_exception
    raise exception
  File "C:\Users\saket\Downloads\marathi_scraper\marathi_scraper\.venv\Lib\site-packages\scrapy\core\spidermw.py", line 108, in _evaluate_iterable
    async for r in iterable:
  File "C:\Users\saket\Downloads\marathi_scraper\marathi_scraper\.venv\Lib\site-packages\scrapy\utils\decorators.py", line 152, in asyncgen_inner
    async for item in func(*args, **kwargs):
  File "C:\Users\saket\Downloads\marathi_scraper\marathi_scraper\.venv\Lib\site-packages\scrapy\spidermiddlewares\base.py", line 67, in process_spider_output_async
    async for o in result:
  File "C:\Users\saket\Downloads\marathi_scraper\marathi_scraper\.venv\Lib\site-packages\scrapy\core\spidermw.py", line 111, in _evaluate_iterable
    exception_result: MutableAsyncChain[_T] = self._process_spider_exception(
                                              ^^^^^^^^^^^^^^^^^^^^^^^^^^^^^^^
  File "C:\Users\saket\Downloads\marathi_scraper\marathi_scraper\.venv\Lib\site-packages\scrapy\core\spidermw.py", line 150, in _process_spider_exception
    raise exception
  File "C:\Users\saket\Downloads\marathi_scraper\marathi_scraper\.venv\Lib\site-packages\scrapy\core\spidermw.py", line 108, in _evaluate_iterable
    async for r in iterable:
  File "C:\Users\saket\Downloads\marathi_scraper\marathi_scraper\.venv\Lib\site-packages\scrapy\utils\decorators.py", line 152, in asyncgen_inner
    async for item in func(*args, **kwargs):
  File "C:\Users\saket\Downloads\marathi_scraper\marathi_scraper\.venv\Lib\site-packages\scrapy\spidermiddlewares\depth.py", line 97, in process_spider_output_async
    async for o in super().process_spider_output_async(response, result):
  File "C:\Users\saket\Downloads\marathi_scraper\marathi_scraper\.venv\Lib\site-packages\scrapy\utils\decorators.py", line 152, in asyncgen_inner
    async for item in func(*args, **kwargs):
  File "C:\Users\saket\Downloads\marathi_scraper\marathi_scraper\.venv\Lib\site-packages\scrapy\spidermiddlewares\base.py", line 67, in process_spider_output_async
    async for o in result:
  File "C:\Users\saket\Downloads\marathi_scraper\marathi_scraper\.venv\Lib\site-packages\scrapy\core\spidermw.py", line 111, in _evaluate_iterable
    exception_result: MutableAsyncChain[_T] = self._process_spider_exception(
                                              ^^^^^^^^^^^^^^^^^^^^^^^^^^^^^^^
  File "C:\Users\saket\Downloads\marathi_scraper\marathi_scraper\.venv\Lib\site-packages\scrapy\core\spidermw.py", line 150, in _process_spider_exception
    raise exception
  File "C:\Users\saket\Downloads\marathi_scraper\marathi_scraper\.venv\Lib\site-packages\scrapy\core\spidermw.py", line 108, in _evaluate_iterable
    async for r in iterable:
  File "C:\Users\saket\Downloads\marathi_scraper\marathi_scraper\.venv\Lib\site-packages\scrapy\utils\decorators.py", line 152, in asyncgen_inner
    async for item in func(*args, **kwargs):
  File "C:\Users\saket\Downloads\marathi_scraper\marathi_scraper\.venv\Lib\site-packages\scrapy\spidermiddlewares\base.py", line 67, in process_spider_output_async
    async for o in result:
  File "C:\Users\saket\Downloads\marathi_scraper\marathi_scraper\.venv\Lib\site-packages\scrapy\core\spidermw.py", line 111, in _evaluate_iterable
    exception_result: MutableAsyncChain[_T] = self._process_spider_exception(
                                              ^^^^^^^^^^^^^^^^^^^^^^^^^^^^^^^
  File "C:\Users\saket\Downloads\marathi_scraper\marathi_scraper\.venv\Lib\site-packages\scrapy\core\spidermw.py", line 150, in _process_spider_exception
    raise exception
  File "C:\Users\saket\Downloads\marathi_scraper\marathi_scraper\.venv\Lib\site-packages\scrapy\core\spidermw.py", line 108, in _evaluate_iterable
    async for r in iterable:
  File "C:\Users\saket\Downloads\marathi_scraper\marathi_scraper\.venv\Lib\site-packages\scrapy\utils\asyncgen.py", line 21, in as_async_generator
    for r in it:
             ^^
  File "C:\Users\saket\Downloads\marathi_scraper\marathi_scraper\marathi_scraper\spiders\finance_spider.py", line 94, in parse_article
    item["canonical_url"] = (
    ~~~~^^^^^^^^^^^^^^^^^
  File "C:\Users\saket\Downloads\marathi_scraper\marathi_scraper\.venv\Lib\site-packages\scrapy\item.py", line 121, in __setitem__
    raise KeyError(f"{self.__class__.__name__} does not support field: {key}")
KeyError: 'ArticleItem does not support field: canonical_url'
2026-09-10 18:28:54 [scrapy.core.scraper] ERROR: Spider error processing <GET https://marathifinance.blog/privacy-policy/> (referer: https://marathifinance.blog/)
Traceback (most recent call last):
  File "C:\Users\saket\Downloads\marathi_scraper\marathi_scraper\.venv\Lib\site-packages\scrapy\utils\defer.py", line 373, in aiter_errback
    yield await anext(it)
          ^^^^^^^^^^^^^^^
  File "C:\Users\saket\Downloads\marathi_scraper\marathi_scraper\.venv\Lib\site-packages\scrapy\utils\python.py", line 366, in __anext__
    return await self.data.__anext__()
           ^^^^^^^^^^^^^^^^^^^^^^^^^^^
  File "C:\Users\saket\Downloads\marathi_scraper\marathi_scraper\.venv\Lib\site-packages\scrapy\utils\python.py", line 347, in _async_chain
    async for o in as_async_generator(it):
  File "C:\Users\saket\Downloads\marathi_scraper\marathi_scraper\.venv\Lib\site-packages\scrapy\utils\asyncgen.py", line 18, in as_async_generator
    async for r in it:
  File "C:\Users\saket\Downloads\marathi_scraper\marathi_scraper\.venv\Lib\site-packages\scrapy\utils\python.py", line 366, in __anext__
    return await self.data.__anext__()
           ^^^^^^^^^^^^^^^^^^^^^^^^^^^
  File "C:\Users\saket\Downloads\marathi_scraper\marathi_scraper\.venv\Lib\site-packages\scrapy\utils\python.py", line 347, in _async_chain
    async for o in as_async_generator(it):
  File "C:\Users\saket\Downloads\marathi_scraper\marathi_scraper\.venv\Lib\site-packages\scrapy\utils\asyncgen.py", line 18, in as_async_generator
    async for r in it:
  File "C:\Users\saket\Downloads\marathi_scraper\marathi_scraper\.venv\Lib\site-packages\scrapy\core\spidermw.py", line 111, in _evaluate_iterable
    exception_result: MutableAsyncChain[_T] = self._process_spider_exception(
                                              ^^^^^^^^^^^^^^^^^^^^^^^^^^^^^^^
  File "C:\Users\saket\Downloads\marathi_scraper\marathi_scraper\.venv\Lib\site-packages\scrapy\core\spidermw.py", line 150, in _process_spider_exception
    raise exception
  File "C:\Users\saket\Downloads\marathi_scraper\marathi_scraper\.venv\Lib\site-packages\scrapy\core\spidermw.py", line 108, in _evaluate_iterable
    async for r in iterable:
  File "C:\Users\saket\Downloads\marathi_scraper\marathi_scraper\.venv\Lib\site-packages\scrapy\utils\decorators.py", line 152, in asyncgen_inner
    async for item in func(*args, **kwargs):
  File "C:\Users\saket\Downloads\marathi_scraper\marathi_scraper\.venv\Lib\site-packages\scrapy\spidermiddlewares\base.py", line 67, in process_spider_output_async
    async for o in result:
  File "C:\Users\saket\Downloads\marathi_scraper\marathi_scraper\.venv\Lib\site-packages\scrapy\core\spidermw.py", line 111, in _evaluate_iterable
    exception_result: MutableAsyncChain[_T] = self._process_spider_exception(
                                              ^^^^^^^^^^^^^^^^^^^^^^^^^^^^^^^
  File "C:\Users\saket\Downloads\marathi_scraper\marathi_scraper\.venv\Lib\site-packages\scrapy\core\spidermw.py", line 150, in _process_spider_exception
    raise exception
  File "C:\Users\saket\Downloads\marathi_scraper\marathi_scraper\.venv\Lib\site-packages\scrapy\core\spidermw.py", line 108, in _evaluate_iterable
    async for r in iterable:
  File "C:\Users\saket\Downloads\marathi_scraper\marathi_scraper\.venv\Lib\site-packages\scrapy\utils\decorators.py", line 152, in asyncgen_inner
    async for item in func(*args, **kwargs):
  File "C:\Users\saket\Downloads\marathi_scraper\marathi_scraper\.venv\Lib\site-packages\scrapy\spidermiddlewares\base.py", line 67, in process_spider_output_async
    async for o in result:
  File "C:\Users\saket\Downloads\marathi_scraper\marathi_scraper\.venv\Lib\site-packages\scrapy\core\spidermw.py", line 111, in _evaluate_iterable
    exception_result: MutableAsyncChain[_T] = self._process_spider_exception(
                                              ^^^^^^^^^^^^^^^^^^^^^^^^^^^^^^^
  File "C:\Users\saket\Downloads\marathi_scraper\marathi_scraper\.venv\Lib\site-packages\scrapy\core\spidermw.py", line 150, in _process_spider_exception
    raise exception
  File "C:\Users\saket\Downloads\marathi_scraper\marathi_scraper\.venv\Lib\site-packages\scrapy\core\spidermw.py", line 108, in _evaluate_iterable
    async for r in iterable:
  File "C:\Users\saket\Downloads\marathi_scraper\marathi_scraper\.venv\Lib\site-packages\scrapy\utils\decorators.py", line 152, in asyncgen_inner
    async for item in func(*args, **kwargs):
  File "C:\Users\saket\Downloads\marathi_scraper\marathi_scraper\.venv\Lib\site-packages\scrapy\spidermiddlewares\base.py", line 67, in process_spider_output_async
    async for o in result:
  File "C:\Users\saket\Downloads\marathi_scraper\marathi_scraper\.venv\Lib\site-packages\scrapy\core\spidermw.py", line 111, in _evaluate_iterable
    exception_result: MutableAsyncChain[_T] = self._process_spider_exception(
                                              ^^^^^^^^^^^^^^^^^^^^^^^^^^^^^^^
  File "C:\Users\saket\Downloads\marathi_scraper\marathi_scraper\.venv\Lib\site-packages\scrapy\core\spidermw.py", line 150, in _process_spider_exception
    raise exception
  File "C:\Users\saket\Downloads\marathi_scraper\marathi_scraper\.venv\Lib\site-packages\scrapy\core\spidermw.py", line 108, in _evaluate_iterable
    async for r in iterable:
  File "C:\Users\saket\Downloads\marathi_scraper\marathi_scraper\.venv\Lib\site-packages\scrapy\utils\decorators.py", line 152, in asyncgen_inner
    async for item in func(*args, **kwargs):
  File "C:\Users\saket\Downloads\marathi_scraper\marathi_scraper\.venv\Lib\site-packages\scrapy\spidermiddlewares\depth.py", line 97, in process_spider_output_async
    async for o in super().process_spider_output_async(response, result):
  File "C:\Users\saket\Downloads\marathi_scraper\marathi_scraper\.venv\Lib\site-packages\scrapy\utils\decorators.py", line 152, in asyncgen_inner
    async for item in func(*args, **kwargs):
  File "C:\Users\saket\Downloads\marathi_scraper\marathi_scraper\.venv\Lib\site-packages\scrapy\spidermiddlewares\base.py", line 67, in process_spider_output_async
    async for o in result:
  File "C:\Users\saket\Downloads\marathi_scraper\marathi_scraper\.venv\Lib\site-packages\scrapy\core\spidermw.py", line 111, in _evaluate_iterable
    exception_result: MutableAsyncChain[_T] = self._process_spider_exception(
                                              ^^^^^^^^^^^^^^^^^^^^^^^^^^^^^^^
  File "C:\Users\saket\Downloads\marathi_scraper\marathi_scraper\.venv\Lib\site-packages\scrapy\core\spidermw.py", line 150, in _process_spider_exception
    raise exception
  File "C:\Users\saket\Downloads\marathi_scraper\marathi_scraper\.venv\Lib\site-packages\scrapy\core\spidermw.py", line 108, in _evaluate_iterable
    async for r in iterable:
  File "C:\Users\saket\Downloads\marathi_scraper\marathi_scraper\.venv\Lib\site-packages\scrapy\utils\decorators.py", line 152, in asyncgen_inner
    async for item in func(*args, **kwargs):
  File "C:\Users\saket\Downloads\marathi_scraper\marathi_scraper\.venv\Lib\site-packages\scrapy\spidermiddlewares\base.py", line 67, in process_spider_output_async
    async for o in result:
  File "C:\Users\saket\Downloads\marathi_scraper\marathi_scraper\.venv\Lib\site-packages\scrapy\core\spidermw.py", line 111, in _evaluate_iterable
    exception_result: MutableAsyncChain[_T] = self._process_spider_exception(
                                              ^^^^^^^^^^^^^^^^^^^^^^^^^^^^^^^
  File "C:\Users\saket\Downloads\marathi_scraper\marathi_scraper\.venv\Lib\site-packages\scrapy\core\spidermw.py", line 150, in _process_spider_exception
    raise exception
  File "C:\Users\saket\Downloads\marathi_scraper\marathi_scraper\.venv\Lib\site-packages\scrapy\core\spidermw.py", line 108, in _evaluate_iterable
    async for r in iterable:
  File "C:\Users\saket\Downloads\marathi_scraper\marathi_scraper\.venv\Lib\site-packages\scrapy\utils\asyncgen.py", line 21, in as_async_generator
    for r in it:
             ^^
  File "C:\Users\saket\Downloads\marathi_scraper\marathi_scraper\marathi_scraper\spiders\finance_spider.py", line 94, in parse_article
    item["canonical_url"] = (
    ~~~~^^^^^^^^^^^^^^^^^
  File "C:\Users\saket\Downloads\marathi_scraper\marathi_scraper\.venv\Lib\site-packages\scrapy\item.py", line 121, in __setitem__
    raise KeyError(f"{self.__class__.__name__} does not support field: {key}")
KeyError: 'ArticleItem does not support field: canonical_url'
2026-09-10 18:28:56 [scrapy.core.scraper] ERROR: Spider error processing <GET https://marathifinance.blog/contact-us/> (referer: https://marathifinance.blog/)
Traceback (most recent call last):
  File "C:\Users\saket\Downloads\marathi_scraper\marathi_scraper\.venv\Lib\site-packages\scrapy\utils\defer.py", line 373, in aiter_errback
    yield await anext(it)
          ^^^^^^^^^^^^^^^
  File "C:\Users\saket\Downloads\marathi_scraper\marathi_scraper\.venv\Lib\site-packages\scrapy\utils\python.py", line 366, in __anext__
    return await self.data.__anext__()
           ^^^^^^^^^^^^^^^^^^^^^^^^^^^
  File "C:\Users\saket\Downloads\marathi_scraper\marathi_scraper\.venv\Lib\site-packages\scrapy\utils\python.py", line 347, in _async_chain
    async for o in as_async_generator(it):
  File "C:\Users\saket\Downloads\marathi_scraper\marathi_scraper\.venv\Lib\site-packages\scrapy\utils\asyncgen.py", line 18, in as_async_generator
    async for r in it:
  File "C:\Users\saket\Downloads\marathi_scraper\marathi_scraper\.venv\Lib\site-packages\scrapy\utils\python.py", line 366, in __anext__
    return await self.data.__anext__()
           ^^^^^^^^^^^^^^^^^^^^^^^^^^^
  File "C:\Users\saket\Downloads\marathi_scraper\marathi_scraper\.venv\Lib\site-packages\scrapy\utils\python.py", line 347, in _async_chain
    async for o in as_async_generator(it):
  File "C:\Users\saket\Downloads\marathi_scraper\marathi_scraper\.venv\Lib\site-packages\scrapy\utils\asyncgen.py", line 18, in as_async_generator
    async for r in it:
  File "C:\Users\saket\Downloads\marathi_scraper\marathi_scraper\.venv\Lib\site-packages\scrapy\core\spidermw.py", line 111, in _evaluate_iterable
    exception_result: MutableAsyncChain[_T] = self._process_spider_exception(
                                              ^^^^^^^^^^^^^^^^^^^^^^^^^^^^^^^
  File "C:\Users\saket\Downloads\marathi_scraper\marathi_scraper\.venv\Lib\site-packages\scrapy\core\spidermw.py", line 150, in _process_spider_exception
    raise exception
  File "C:\Users\saket\Downloads\marathi_scraper\marathi_scraper\.venv\Lib\site-packages\scrapy\core\spidermw.py", line 108, in _evaluate_iterable
    async for r in iterable:
  File "C:\Users\saket\Downloads\marathi_scraper\marathi_scraper\.venv\Lib\site-packages\scrapy\utils\decorators.py", line 152, in asyncgen_inner
    async for item in func(*args, **kwargs):
  File "C:\Users\saket\Downloads\marathi_scraper\marathi_scraper\.venv\Lib\site-packages\scrapy\spidermiddlewares\base.py", line 67, in process_spider_output_async
    async for o in result:
  File "C:\Users\saket\Downloads\marathi_scraper\marathi_scraper\.venv\Lib\site-packages\scrapy\core\spidermw.py", line 111, in _evaluate_iterable
    exception_result: MutableAsyncChain[_T] = self._process_spider_exception(
                                              ^^^^^^^^^^^^^^^^^^^^^^^^^^^^^^^
  File "C:\Users\saket\Downloads\marathi_scraper\marathi_scraper\.venv\Lib\site-packages\scrapy\core\spidermw.py", line 150, in _process_spider_exception
    raise exception
  File "C:\Users\saket\Downloads\marathi_scraper\marathi_scraper\.venv\Lib\site-packages\scrapy\core\spidermw.py", line 108, in _evaluate_iterable
    async for r in iterable:
  File "C:\Users\saket\Downloads\marathi_scraper\marathi_scraper\.venv\Lib\site-packages\scrapy\utils\decorators.py", line 152, in asyncgen_inner
    async for item in func(*args, **kwargs):
  File "C:\Users\saket\Downloads\marathi_scraper\marathi_scraper\.venv\Lib\site-packages\scrapy\spidermiddlewares\base.py", line 67, in process_spider_output_async
    async for o in result:
  File "C:\Users\saket\Downloads\marathi_scraper\marathi_scraper\.venv\Lib\site-packages\scrapy\core\spidermw.py", line 111, in _evaluate_iterable
    exception_result: MutableAsyncChain[_T] = self._process_spider_exception(
                                              ^^^^^^^^^^^^^^^^^^^^^^^^^^^^^^^
  File "C:\Users\saket\Downloads\marathi_scraper\marathi_scraper\.venv\Lib\site-packages\scrapy\core\spidermw.py", line 150, in _process_spider_exception
    raise exception
  File "C:\Users\saket\Downloads\marathi_scraper\marathi_scraper\.venv\Lib\site-packages\scrapy\core\spidermw.py", line 108, in _evaluate_iterable
    async for r in iterable:
  File "C:\Users\saket\Downloads\marathi_scraper\marathi_scraper\.venv\Lib\site-packages\scrapy\utils\decorators.py", line 152, in asyncgen_inner
    async for item in func(*args, **kwargs):
  File "C:\Users\saket\Downloads\marathi_scraper\marathi_scraper\.venv\Lib\site-packages\scrapy\spidermiddlewares\base.py", line 67, in process_spider_output_async
    async for o in result:
  File "C:\Users\saket\Downloads\marathi_scraper\marathi_scraper\.venv\Lib\site-packages\scrapy\core\spidermw.py", line 111, in _evaluate_iterable
    exception_result: MutableAsyncChain[_T] = self._process_spider_exception(
                                              ^^^^^^^^^^^^^^^^^^^^^^^^^^^^^^^
  File "C:\Users\saket\Downloads\marathi_scraper\marathi_scraper\.venv\Lib\site-packages\scrapy\core\spidermw.py", line 150, in _process_spider_exception
    raise exception
  File "C:\Users\saket\Downloads\marathi_scraper\marathi_scraper\.venv\Lib\site-packages\scrapy\core\spidermw.py", line 108, in _evaluate_iterable
    async for r in iterable:
  File "C:\Users\saket\Downloads\marathi_scraper\marathi_scraper\.venv\Lib\site-packages\scrapy\utils\decorators.py", line 152, in asyncgen_inner
    async for item in func(*args, **kwargs):
  File "C:\Users\saket\Downloads\marathi_scraper\marathi_scraper\.venv\Lib\site-packages\scrapy\spidermiddlewares\depth.py", line 97, in process_spider_output_async
    async for o in super().process_spider_output_async(response, result):
  File "C:\Users\saket\Downloads\marathi_scraper\marathi_scraper\.venv\Lib\site-packages\scrapy\utils\decorators.py", line 152, in asyncgen_inner
    async for item in func(*args, **kwargs):
  File "C:\Users\saket\Downloads\marathi_scraper\marathi_scraper\.venv\Lib\site-packages\scrapy\spidermiddlewares\base.py", line 67, in process_spider_output_async
    async for o in result:
  File "C:\Users\saket\Downloads\marathi_scraper\marathi_scraper\.venv\Lib\site-packages\scrapy\core\spidermw.py", line 111, in _evaluate_iterable
    exception_result: MutableAsyncChain[_T] = self._process_spider_exception(
                                              ^^^^^^^^^^^^^^^^^^^^^^^^^^^^^^^
  File "C:\Users\saket\Downloads\marathi_scraper\marathi_scraper\.venv\Lib\site-packages\scrapy\core\spidermw.py", line 150, in _process_spider_exception
    raise exception
  File "C:\Users\saket\Downloads\marathi_scraper\marathi_scraper\.venv\Lib\site-packages\scrapy\core\spidermw.py", line 108, in _evaluate_iterable
    async for r in iterable:
  File "C:\Users\saket\Downloads\marathi_scraper\marathi_scraper\.venv\Lib\site-packages\scrapy\utils\decorators.py", line 152, in asyncgen_inner
    async for item in func(*args, **kwargs):
  File "C:\Users\saket\Downloads\marathi_scraper\marathi_scraper\.venv\Lib\site-packages\scrapy\spidermiddlewares\base.py", line 67, in process_spider_output_async
    async for o in result:
  File "C:\Users\saket\Downloads\marathi_scraper\marathi_scraper\.venv\Lib\site-packages\scrapy\core\spidermw.py", line 111, in _evaluate_iterable
    exception_result: MutableAsyncChain[_T] = self._process_spider_exception(
                                              ^^^^^^^^^^^^^^^^^^^^^^^^^^^^^^^
  File "C:\Users\saket\Downloads\marathi_scraper\marathi_scraper\.venv\Lib\site-packages\scrapy\core\spidermw.py", line 150, in _process_spider_exception
    raise exception
  File "C:\Users\saket\Downloads\marathi_scraper\marathi_scraper\.venv\Lib\site-packages\scrapy\core\spidermw.py", line 108, in _evaluate_iterable
    async for r in iterable:
  File "C:\Users\saket\Downloads\marathi_scraper\marathi_scraper\.venv\Lib\site-packages\scrapy\utils\asyncgen.py", line 21, in as_async_generator
    for r in it:
             ^^
  File "C:\Users\saket\Downloads\marathi_scraper\marathi_scraper\marathi_scraper\spiders\finance_spider.py", line 94, in parse_article
    item["canonical_url"] = (
    ~~~~^^^^^^^^^^^^^^^^^
  File "C:\Users\saket\Downloads\marathi_scraper\marathi_scraper\.venv\Lib\site-packages\scrapy\item.py", line 121, in __setitem__
    raise KeyError(f"{self.__class__.__name__} does not support field: {key}")
KeyError: 'ArticleItem does not support field: canonical_url'
2026-09-10 18:28:57 [scrapy.core.scraper] ERROR: Spider error processing <GET https://marathifinance.blog/disclaimer/> (referer: https://marathifinance.blog/)
Traceback (most recent call last):
  File "C:\Users\saket\Downloads\marathi_scraper\marathi_scraper\.venv\Lib\site-packages\scrapy\utils\defer.py", line 373, in aiter_errback
    yield await anext(it)
          ^^^^^^^^^^^^^^^
  File "C:\Users\saket\Downloads\marathi_scraper\marathi_scraper\.venv\Lib\site-packages\scrapy\utils\python.py", line 366, in __anext__
    return await self.data.__anext__()
           ^^^^^^^^^^^^^^^^^^^^^^^^^^^
  File "C:\Users\saket\Downloads\marathi_scraper\marathi_scraper\.venv\Lib\site-packages\scrapy\utils\python.py", line 347, in _async_chain
    async for o in as_async_generator(it):
  File "C:\Users\saket\Downloads\marathi_scraper\marathi_scraper\.venv\Lib\site-packages\scrapy\utils\asyncgen.py", line 18, in as_async_generator
    async for r in it:
  File "C:\Users\saket\Downloads\marathi_scraper\marathi_scraper\.venv\Lib\site-packages\scrapy\utils\python.py", line 366, in __anext__
    return await self.data.__anext__()
           ^^^^^^^^^^^^^^^^^^^^^^^^^^^
  File "C:\Users\saket\Downloads\marathi_scraper\marathi_scraper\.venv\Lib\site-packages\scrapy\utils\python.py", line 347, in _async_chain
    async for o in as_async_generator(it):
  File "C:\Users\saket\Downloads\marathi_scraper\marathi_scraper\.venv\Lib\site-packages\scrapy\utils\asyncgen.py", line 18, in as_async_generator
    async for r in it:
  File "C:\Users\saket\Downloads\marathi_scraper\marathi_scraper\.venv\Lib\site-packages\scrapy\core\spidermw.py", line 111, in _evaluate_iterable
    exception_result: MutableAsyncChain[_T] = self._process_spider_exception(
                                              ^^^^^^^^^^^^^^^^^^^^^^^^^^^^^^^
  File "C:\Users\saket\Downloads\marathi_scraper\marathi_scraper\.venv\Lib\site-packages\scrapy\core\spidermw.py", line 150, in _process_spider_exception
    raise exception
  File "C:\Users\saket\Downloads\marathi_scraper\marathi_scraper\.venv\Lib\site-packages\scrapy\core\spidermw.py", line 108, in _evaluate_iterable
    async for r in iterable:
  File "C:\Users\saket\Downloads\marathi_scraper\marathi_scraper\.venv\Lib\site-packages\scrapy\utils\decorators.py", line 152, in asyncgen_inner
    async for item in func(*args, **kwargs):
  File "C:\Users\saket\Downloads\marathi_scraper\marathi_scraper\.venv\Lib\site-packages\scrapy\spidermiddlewares\base.py", line 67, in process_spider_output_async
    async for o in result:
  File "C:\Users\saket\Downloads\marathi_scraper\marathi_scraper\.venv\Lib\site-packages\scrapy\core\spidermw.py", line 111, in _evaluate_iterable
    exception_result: MutableAsyncChain[_T] = self._process_spider_exception(
                                              ^^^^^^^^^^^^^^^^^^^^^^^^^^^^^^^
  File "C:\Users\saket\Downloads\marathi_scraper\marathi_scraper\.venv\Lib\site-packages\scrapy\core\spidermw.py", line 150, in _process_spider_exception
    raise exception
  File "C:\Users\saket\Downloads\marathi_scraper\marathi_scraper\.venv\Lib\site-packages\scrapy\core\spidermw.py", line 108, in _evaluate_iterable
    async for r in iterable:
  File "C:\Users\saket\Downloads\marathi_scraper\marathi_scraper\.venv\Lib\site-packages\scrapy\utils\decorators.py", line 152, in asyncgen_inner
    async for item in func(*args, **kwargs):
  File "C:\Users\saket\Downloads\marathi_scraper\marathi_scraper\.venv\Lib\site-packages\scrapy\spidermiddlewares\base.py", line 67, in process_spider_output_async
    async for o in result:
  File "C:\Users\saket\Downloads\marathi_scraper\marathi_scraper\.venv\Lib\site-packages\scrapy\core\spidermw.py", line 111, in _evaluate_iterable
    exception_result: MutableAsyncChain[_T] = self._process_spider_exception(
                                              ^^^^^^^^^^^^^^^^^^^^^^^^^^^^^^^
  File "C:\Users\saket\Downloads\marathi_scraper\marathi_scraper\.venv\Lib\site-packages\scrapy\core\spidermw.py", line 150, in _process_spider_exception
    raise exception
  File "C:\Users\saket\Downloads\marathi_scraper\marathi_scraper\.venv\Lib\site-packages\scrapy\core\spidermw.py", line 108, in _evaluate_iterable
    async for r in iterable:
  File "C:\Users\saket\Downloads\marathi_scraper\marathi_scraper\.venv\Lib\site-packages\scrapy\utils\decorators.py", line 152, in asyncgen_inner
    async for item in func(*args, **kwargs):
  File "C:\Users\saket\Downloads\marathi_scraper\marathi_scraper\.venv\Lib\site-packages\scrapy\spidermiddlewares\base.py", line 67, in process_spider_output_async
    async for o in result:
  File "C:\Users\saket\Downloads\marathi_scraper\marathi_scraper\.venv\Lib\site-packages\scrapy\core\spidermw.py", line 111, in _evaluate_iterable
    exception_result: MutableAsyncChain[_T] = self._process_spider_exception(
                                              ^^^^^^^^^^^^^^^^^^^^^^^^^^^^^^^
  File "C:\Users\saket\Downloads\marathi_scraper\marathi_scraper\.venv\Lib\site-packages\scrapy\core\spidermw.py", line 150, in _process_spider_exception
    raise exception
  File "C:\Users\saket\Downloads\marathi_scraper\marathi_scraper\.venv\Lib\site-packages\scrapy\core\spidermw.py", line 108, in _evaluate_iterable
    async for r in iterable:
  File "C:\Users\saket\Downloads\marathi_scraper\marathi_scraper\.venv\Lib\site-packages\scrapy\utils\decorators.py", line 152, in asyncgen_inner
    async for item in func(*args, **kwargs):
  File "C:\Users\saket\Downloads\marathi_scraper\marathi_scraper\.venv\Lib\site-packages\scrapy\spidermiddlewares\depth.py", line 97, in process_spider_output_async
    async for o in super().process_spider_output_async(response, result):
  File "C:\Users\saket\Downloads\marathi_scraper\marathi_scraper\.venv\Lib\site-packages\scrapy\utils\decorators.py", line 152, in asyncgen_inner
    async for item in func(*args, **kwargs):
  File "C:\Users\saket\Downloads\marathi_scraper\marathi_scraper\.venv\Lib\site-packages\scrapy\spidermiddlewares\base.py", line 67, in process_spider_output_async
    async for o in result:
  File "C:\Users\saket\Downloads\marathi_scraper\marathi_scraper\.venv\Lib\site-packages\scrapy\core\spidermw.py", line 111, in _evaluate_iterable
    exception_result: MutableAsyncChain[_T] = self._process_spider_exception(
                                              ^^^^^^^^^^^^^^^^^^^^^^^^^^^^^^^
  File "C:\Users\saket\Downloads\marathi_scraper\marathi_scraper\.venv\Lib\site-packages\scrapy\core\spidermw.py", line 150, in _process_spider_exception
    raise exception
  File "C:\Users\saket\Downloads\marathi_scraper\marathi_scraper\.venv\Lib\site-packages\scrapy\core\spidermw.py", line 108, in _evaluate_iterable
    async for r in iterable:
  File "C:\Users\saket\Downloads\marathi_scraper\marathi_scraper\.venv\Lib\site-packages\scrapy\utils\decorators.py", line 152, in asyncgen_inner
    async for item in func(*args, **kwargs):
  File "C:\Users\saket\Downloads\marathi_scraper\marathi_scraper\.venv\Lib\site-packages\scrapy\spidermiddlewares\base.py", line 67, in process_spider_output_async
    async for o in result:
  File "C:\Users\saket\Downloads\marathi_scraper\marathi_scraper\.venv\Lib\site-packages\scrapy\core\spidermw.py", line 111, in _evaluate_iterable
    exception_result: MutableAsyncChain[_T] = self._process_spider_exception(
                                              ^^^^^^^^^^^^^^^^^^^^^^^^^^^^^^^
  File "C:\Users\saket\Downloads\marathi_scraper\marathi_scraper\.venv\Lib\site-packages\scrapy\core\spidermw.py", line 150, in _process_spider_exception
    raise exception
  File "C:\Users\saket\Downloads\marathi_scraper\marathi_scraper\.venv\Lib\site-packages\scrapy\core\spidermw.py", line 108, in _evaluate_iterable
    async for r in iterable:
  File "C:\Users\saket\Downloads\marathi_scraper\marathi_scraper\.venv\Lib\site-packages\scrapy\utils\asyncgen.py", line 21, in as_async_generator
    for r in it:
             ^^
  File "C:\Users\saket\Downloads\marathi_scraper\marathi_scraper\marathi_scraper\spiders\finance_spider.py", line 94, in parse_article
    item["canonical_url"] = (
    ~~~~^^^^^^^^^^^^^^^^^
  File "C:\Users\saket\Downloads\marathi_scraper\marathi_scraper\.venv\Lib\site-packages\scrapy\item.py", line 121, in __setitem__
    raise KeyError(f"{self.__class__.__name__} does not support field: {key}")
KeyError: 'ArticleItem does not support field: canonical_url'
2026-09-10 18:28:58 [scrapy.core.scraper] ERROR: Spider error processing <GET https://marathifinance.blog/about-us/> (referer: https://marathifinance.blog/)
Traceback (most recent call last):
  File "C:\Users\saket\Downloads\marathi_scraper\marathi_scraper\.venv\Lib\site-packages\scrapy\utils\defer.py", line 373, in aiter_errback
    yield await anext(it)
          ^^^^^^^^^^^^^^^
  File "C:\Users\saket\Downloads\marathi_scraper\marathi_scraper\.venv\Lib\site-packages\scrapy\utils\python.py", line 366, in __anext__
    return await self.data.__anext__()
           ^^^^^^^^^^^^^^^^^^^^^^^^^^^
  File "C:\Users\saket\Downloads\marathi_scraper\marathi_scraper\.venv\Lib\site-packages\scrapy\utils\python.py", line 347, in _async_chain
    async for o in as_async_generator(it):
  File "C:\Users\saket\Downloads\marathi_scraper\marathi_scraper\.venv\Lib\site-packages\scrapy\utils\asyncgen.py", line 18, in as_async_generator
    async for r in it:
  File "C:\Users\saket\Downloads\marathi_scraper\marathi_scraper\.venv\Lib\site-packages\scrapy\utils\python.py", line 366, in __anext__
    return await self.data.__anext__()
           ^^^^^^^^^^^^^^^^^^^^^^^^^^^
  File "C:\Users\saket\Downloads\marathi_scraper\marathi_scraper\.venv\Lib\site-packages\scrapy\utils\python.py", line 347, in _async_chain
    async for o in as_async_generator(it):
  File "C:\Users\saket\Downloads\marathi_scraper\marathi_scraper\.venv\Lib\site-packages\scrapy\utils\asyncgen.py", line 18, in as_async_generator
    async for r in it:
  File "C:\Users\saket\Downloads\marathi_scraper\marathi_scraper\.venv\Lib\site-packages\scrapy\core\spidermw.py", line 111, in _evaluate_iterable
    exception_result: MutableAsyncChain[_T] = self._process_spider_exception(
                                              ^^^^^^^^^^^^^^^^^^^^^^^^^^^^^^^
  File "C:\Users\saket\Downloads\marathi_scraper\marathi_scraper\.venv\Lib\site-packages\scrapy\core\spidermw.py", line 150, in _process_spider_exception
    raise exception
  File "C:\Users\saket\Downloads\marathi_scraper\marathi_scraper\.venv\Lib\site-packages\scrapy\core\spidermw.py", line 108, in _evaluate_iterable
    async for r in iterable:
  File "C:\Users\saket\Downloads\marathi_scraper\marathi_scraper\.venv\Lib\site-packages\scrapy\utils\decorators.py", line 152, in asyncgen_inner
    async for item in func(*args, **kwargs):
  File "C:\Users\saket\Downloads\marathi_scraper\marathi_scraper\.venv\Lib\site-packages\scrapy\spidermiddlewares\base.py", line 67, in process_spider_output_async
    async for o in result:
  File "C:\Users\saket\Downloads\marathi_scraper\marathi_scraper\.venv\Lib\site-packages\scrapy\core\spidermw.py", line 111, in _evaluate_iterable
    exception_result: MutableAsyncChain[_T] = self._process_spider_exception(
                                              ^^^^^^^^^^^^^^^^^^^^^^^^^^^^^^^
  File "C:\Users\saket\Downloads\marathi_scraper\marathi_scraper\.venv\Lib\site-packages\scrapy\core\spidermw.py", line 150, in _process_spider_exception
    raise exception
  File "C:\Users\saket\Downloads\marathi_scraper\marathi_scraper\.venv\Lib\site-packages\scrapy\core\spidermw.py", line 108, in _evaluate_iterable
    async for r in iterable:
  File "C:\Users\saket\Downloads\marathi_scraper\marathi_scraper\.venv\Lib\site-packages\scrapy\utils\decorators.py", line 152, in asyncgen_inner
    async for item in func(*args, **kwargs):
  File "C:\Users\saket\Downloads\marathi_scraper\marathi_scraper\.venv\Lib\site-packages\scrapy\spidermiddlewares\base.py", line 67, in process_spider_output_async
    async for o in result:
  File "C:\Users\saket\Downloads\marathi_scraper\marathi_scraper\.venv\Lib\site-packages\scrapy\core\spidermw.py", line 111, in _evaluate_iterable
    exception_result: MutableAsyncChain[_T] = self._process_spider_exception(
                                              ^^^^^^^^^^^^^^^^^^^^^^^^^^^^^^^
  File "C:\Users\saket\Downloads\marathi_scraper\marathi_scraper\.venv\Lib\site-packages\scrapy\core\spidermw.py", line 150, in _process_spider_exception
    raise exception
  File "C:\Users\saket\Downloads\marathi_scraper\marathi_scraper\.venv\Lib\site-packages\scrapy\core\spidermw.py", line 108, in _evaluate_iterable
    async for r in iterable:
  File "C:\Users\saket\Downloads\marathi_scraper\marathi_scraper\.venv\Lib\site-packages\scrapy\utils\decorators.py", line 152, in asyncgen_inner
    async for item in func(*args, **kwargs):
  File "C:\Users\saket\Downloads\marathi_scraper\marathi_scraper\.venv\Lib\site-packages\scrapy\spidermiddlewares\base.py", line 67, in process_spider_output_async
    async for o in result:
  File "C:\Users\saket\Downloads\marathi_scraper\marathi_scraper\.venv\Lib\site-packages\scrapy\core\spidermw.py", line 111, in _evaluate_iterable
    exception_result: MutableAsyncChain[_T] = self._process_spider_exception(
                                              ^^^^^^^^^^^^^^^^^^^^^^^^^^^^^^^
  File "C:\Users\saket\Downloads\marathi_scraper\marathi_scraper\.venv\Lib\site-packages\scrapy\core\spidermw.py", line 150, in _process_spider_exception
    raise exception
  File "C:\Users\saket\Downloads\marathi_scraper\marathi_scraper\.venv\Lib\site-packages\scrapy\core\spidermw.py", line 108, in _evaluate_iterable
    async for r in iterable:
  File "C:\Users\saket\Downloads\marathi_scraper\marathi_scraper\.venv\Lib\site-packages\scrapy\utils\decorators.py", line 152, in asyncgen_inner
    async for item in func(*args, **kwargs):
  File "C:\Users\saket\Downloads\marathi_scraper\marathi_scraper\.venv\Lib\site-packages\scrapy\spidermiddlewares\depth.py", line 97, in process_spider_output_async
    async for o in super().process_spider_output_async(response, result):
  File "C:\Users\saket\Downloads\marathi_scraper\marathi_scraper\.venv\Lib\site-packages\scrapy\utils\decorators.py", line 152, in asyncgen_inner
    async for item in func(*args, **kwargs):
  File "C:\Users\saket\Downloads\marathi_scraper\marathi_scraper\.venv\Lib\site-packages\scrapy\spidermiddlewares\base.py", line 67, in process_spider_output_async
    async for o in result:
  File "C:\Users\saket\Downloads\marathi_scraper\marathi_scraper\.venv\Lib\site-packages\scrapy\core\spidermw.py", line 111, in _evaluate_iterable
    exception_result: MutableAsyncChain[_T] = self._process_spider_exception(
                                              ^^^^^^^^^^^^^^^^^^^^^^^^^^^^^^^
  File "C:\Users\saket\Downloads\marathi_scraper\marathi_scraper\.venv\Lib\site-packages\scrapy\core\spidermw.py", line 150, in _process_spider_exception
    raise exception
  File "C:\Users\saket\Downloads\marathi_scraper\marathi_scraper\.venv\Lib\site-packages\scrapy\core\spidermw.py", line 108, in _evaluate_iterable
    async for r in iterable:
  File "C:\Users\saket\Downloads\marathi_scraper\marathi_scraper\.venv\Lib\site-packages\scrapy\utils\decorators.py", line 152, in asyncgen_inner
    async for item in func(*args, **kwargs):
  File "C:\Users\saket\Downloads\marathi_scraper\marathi_scraper\.venv\Lib\site-packages\scrapy\spidermiddlewares\base.py", line 67, in process_spider_output_async
    async for o in result:
  File "C:\Users\saket\Downloads\marathi_scraper\marathi_scraper\.venv\Lib\site-packages\scrapy\core\spidermw.py", line 111, in _evaluate_iterable
    exception_result: MutableAsyncChain[_T] = self._process_spider_exception(
                                              ^^^^^^^^^^^^^^^^^^^^^^^^^^^^^^^
  File "C:\Users\saket\Downloads\marathi_scraper\marathi_scraper\.venv\Lib\site-packages\scrapy\core\spidermw.py", line 150, in _process_spider_exception
    raise exception
  File "C:\Users\saket\Downloads\marathi_scraper\marathi_scraper\.venv\Lib\site-packages\scrapy\core\spidermw.py", line 108, in _evaluate_iterable
    async for r in iterable:
  File "C:\Users\saket\Downloads\marathi_scraper\marathi_scraper\.venv\Lib\site-packages\scrapy\utils\asyncgen.py", line 21, in as_async_generator
    for r in it:
             ^^
  File "C:\Users\saket\Downloads\marathi_scraper\marathi_scraper\marathi_scraper\spiders\finance_spider.py", line 94, in parse_article
    item["canonical_url"] = (
    ~~~~^^^^^^^^^^^^^^^^^
  File "C:\Users\saket\Downloads\marathi_scraper\marathi_scraper\.venv\Lib\site-packages\scrapy\item.py", line 121, in __setitem__
    raise KeyError(f"{self.__class__.__name__} does not support field: {key}")
KeyError: 'ArticleItem does not support field: canonical_url'
2026-09-10 18:28:58 [scrapy.core.scraper] ERROR: Spider error processing <GET https://marathifinance.blog/ppfas-mutual-fund-5-funds-changes-flexi-cap-large-cap/> (referer: https://marathifinance.blog/)
Traceback (most recent call last):
  File "C:\Users\saket\Downloads\marathi_scraper\marathi_scraper\.venv\Lib\site-packages\scrapy\utils\defer.py", line 373, in aiter_errback
    yield await anext(it)
          ^^^^^^^^^^^^^^^
  File "C:\Users\saket\Downloads\marathi_scraper\marathi_scraper\.venv\Lib\site-packages\scrapy\utils\python.py", line 366, in __anext__
    return await self.data.__anext__()
           ^^^^^^^^^^^^^^^^^^^^^^^^^^^
  File "C:\Users\saket\Downloads\marathi_scraper\marathi_scraper\.venv\Lib\site-packages\scrapy\utils\python.py", line 347, in _async_chain
    async for o in as_async_generator(it):
  File "C:\Users\saket\Downloads\marathi_scraper\marathi_scraper\.venv\Lib\site-packages\scrapy\utils\asyncgen.py", line 18, in as_async_generator
    async for r in it:
  File "C:\Users\saket\Downloads\marathi_scraper\marathi_scraper\.venv\Lib\site-packages\scrapy\utils\python.py", line 366, in __anext__
    return await self.data.__anext__()
           ^^^^^^^^^^^^^^^^^^^^^^^^^^^
  File "C:\Users\saket\Downloads\marathi_scraper\marathi_scraper\.venv\Lib\site-packages\scrapy\utils\python.py", line 347, in _async_chain
    async for o in as_async_generator(it):
  File "C:\Users\saket\Downloads\marathi_scraper\marathi_scraper\.venv\Lib\site-packages\scrapy\utils\asyncgen.py", line 18, in as_async_generator
    async for r in it:
  File "C:\Users\saket\Downloads\marathi_scraper\marathi_scraper\.venv\Lib\site-packages\scrapy\core\spidermw.py", line 111, in _evaluate_iterable
    exception_result: MutableAsyncChain[_T] = self._process_spider_exception(
                                              ^^^^^^^^^^^^^^^^^^^^^^^^^^^^^^^
  File "C:\Users\saket\Downloads\marathi_scraper\marathi_scraper\.venv\Lib\site-packages\scrapy\core\spidermw.py", line 150, in _process_spider_exception
    raise exception
  File "C:\Users\saket\Downloads\marathi_scraper\marathi_scraper\.venv\Lib\site-packages\scrapy\core\spidermw.py", line 108, in _evaluate_iterable
    async for r in iterable:
  File "C:\Users\saket\Downloads\marathi_scraper\marathi_scraper\.venv\Lib\site-packages\scrapy\utils\decorators.py", line 152, in asyncgen_inner
    async for item in func(*args, **kwargs):
  File "C:\Users\saket\Downloads\marathi_scraper\marathi_scraper\.venv\Lib\site-packages\scrapy\spidermiddlewares\base.py", line 67, in process_spider_output_async
    async for o in result:
  File "C:\Users\saket\Downloads\marathi_scraper\marathi_scraper\.venv\Lib\site-packages\scrapy\core\spidermw.py", line 111, in _evaluate_iterable
    exception_result: MutableAsyncChain[_T] = self._process_spider_exception(
                                              ^^^^^^^^^^^^^^^^^^^^^^^^^^^^^^^
  File "C:\Users\saket\Downloads\marathi_scraper\marathi_scraper\.venv\Lib\site-packages\scrapy\core\spidermw.py", line 150, in _process_spider_exception
    raise exception
  File "C:\Users\saket\Downloads\marathi_scraper\marathi_scraper\.venv\Lib\site-packages\scrapy\core\spidermw.py", line 108, in _evaluate_iterable
    async for r in iterable:
  File "C:\Users\saket\Downloads\marathi_scraper\marathi_scraper\.venv\Lib\site-packages\scrapy\utils\decorators.py", line 152, in asyncgen_inner
    async for item in func(*args, **kwargs):
  File "C:\Users\saket\Downloads\marathi_scraper\marathi_scraper\.venv\Lib\site-packages\scrapy\spidermiddlewares\base.py", line 67, in process_spider_output_async
    async for o in result:
  File "C:\Users\saket\Downloads\marathi_scraper\marathi_scraper\.venv\Lib\site-packages\scrapy\core\spidermw.py", line 111, in _evaluate_iterable
    exception_result: MutableAsyncChain[_T] = self._process_spider_exception(
                                              ^^^^^^^^^^^^^^^^^^^^^^^^^^^^^^^
  File "C:\Users\saket\Downloads\marathi_scraper\marathi_scraper\.venv\Lib\site-packages\scrapy\core\spidermw.py", line 150, in _process_spider_exception
    raise exception
  File "C:\Users\saket\Downloads\marathi_scraper\marathi_scraper\.venv\Lib\site-packages\scrapy\core\spidermw.py", line 108, in _evaluate_iterable
    async for r in iterable:
  File "C:\Users\saket\Downloads\marathi_scraper\marathi_scraper\.venv\Lib\site-packages\scrapy\utils\decorators.py", line 152, in asyncgen_inner
    async for item in func(*args, **kwargs):
  File "C:\Users\saket\Downloads\marathi_scraper\marathi_scraper\.venv\Lib\site-packages\scrapy\spidermiddlewares\base.py", line 67, in process_spider_output_async
    async for o in result:
  File "C:\Users\saket\Downloads\marathi_scraper\marathi_scraper\.venv\Lib\site-packages\scrapy\core\spidermw.py", line 111, in _evaluate_iterable
    exception_result: MutableAsyncChain[_T] = self._process_spider_exception(
                                              ^^^^^^^^^^^^^^^^^^^^^^^^^^^^^^^
  File "C:\Users\saket\Downloads\marathi_scraper\marathi_scraper\.venv\Lib\site-packages\scrapy\core\spidermw.py", line 150, in _process_spider_exception
    raise exception
  File "C:\Users\saket\Downloads\marathi_scraper\marathi_scraper\.venv\Lib\site-packages\scrapy\core\spidermw.py", line 108, in _evaluate_iterable
    async for r in iterable:
  File "C:\Users\saket\Downloads\marathi_scraper\marathi_scraper\.venv\Lib\site-packages\scrapy\utils\decorators.py", line 152, in asyncgen_inner
    async for item in func(*args, **kwargs):
  File "C:\Users\saket\Downloads\marathi_scraper\marathi_scraper\.venv\Lib\site-packages\scrapy\spidermiddlewares\depth.py", line 97, in process_spider_output_async
    async for o in super().process_spider_output_async(response, result):
  File "C:\Users\saket\Downloads\marathi_scraper\marathi_scraper\.venv\Lib\site-packages\scrapy\utils\decorators.py", line 152, in asyncgen_inner
    async for item in func(*args, **kwargs):
  File "C:\Users\saket\Downloads\marathi_scraper\marathi_scraper\.venv\Lib\site-packages\scrapy\spidermiddlewares\base.py", line 67, in process_spider_output_async
    async for o in result:
  File "C:\Users\saket\Downloads\marathi_scraper\marathi_scraper\.venv\Lib\site-packages\scrapy\core\spidermw.py", line 111, in _evaluate_iterable
    exception_result: MutableAsyncChain[_T] = self._process_spider_exception(
                                              ^^^^^^^^^^^^^^^^^^^^^^^^^^^^^^^
  File "C:\Users\saket\Downloads\marathi_scraper\marathi_scraper\.venv\Lib\site-packages\scrapy\core\spidermw.py", line 150, in _process_spider_exception
    raise exception
  File "C:\Users\saket\Downloads\marathi_scraper\marathi_scraper\.venv\Lib\site-packages\scrapy\core\spidermw.py", line 108, in _evaluate_iterable
    async for r in iterable:
  File "C:\Users\saket\Downloads\marathi_scraper\marathi_scraper\.venv\Lib\site-packages\scrapy\utils\decorators.py", line 152, in asyncgen_inner
    async for item in func(*args, **kwargs):
  File "C:\Users\saket\Downloads\marathi_scraper\marathi_scraper\.venv\Lib\site-packages\scrapy\spidermiddlewares\base.py", line 67, in process_spider_output_async
    async for o in result:
  File "C:\Users\saket\Downloads\marathi_scraper\marathi_scraper\.venv\Lib\site-packages\scrapy\core\spidermw.py", line 111, in _evaluate_iterable
    exception_result: MutableAsyncChain[_T] = self._process_spider_exception(
                                              ^^^^^^^^^^^^^^^^^^^^^^^^^^^^^^^
  File "C:\Users\saket\Downloads\marathi_scraper\marathi_scraper\.venv\Lib\site-packages\scrapy\core\spidermw.py", line 150, in _process_spider_exception
    raise exception
  File "C:\Users\saket\Downloads\marathi_scraper\marathi_scraper\.venv\Lib\site-packages\scrapy\core\spidermw.py", line 108, in _evaluate_iterable
    async for r in iterable:
  File "C:\Users\saket\Downloads\marathi_scraper\marathi_scraper\.venv\Lib\site-packages\scrapy\utils\asyncgen.py", line 21, in as_async_generator
    for r in it:
             ^^
  File "C:\Users\saket\Downloads\marathi_scraper\marathi_scraper\marathi_scraper\spiders\finance_spider.py", line 94, in parse_article
    item["canonical_url"] = (
    ~~~~^^^^^^^^^^^^^^^^^
  File "C:\Users\saket\Downloads\marathi_scraper\marathi_scraper\.venv\Lib\site-packages\scrapy\item.py", line 121, in __setitem__
    raise KeyError(f"{self.__class__.__name__} does not support field: {key}")
KeyError: 'ArticleItem does not support field: canonical_url'
2026-09-10 18:29:00 [scrapy.core.scraper] ERROR: Spider error processing <GET https://marathifinance.blog/irdai-action-four-insurers-eom-limit-niva-bupa-acko-edelweiss-pramerica/> (referer: https://marathifinance.blog/)
Traceback (most recent call last):
  File "C:\Users\saket\Downloads\marathi_scraper\marathi_scraper\.venv\Lib\site-packages\scrapy\utils\defer.py", line 373, in aiter_errback
    yield await anext(it)
          ^^^^^^^^^^^^^^^
  File "C:\Users\saket\Downloads\marathi_scraper\marathi_scraper\.venv\Lib\site-packages\scrapy\utils\python.py", line 366, in __anext__
    return await self.data.__anext__()
           ^^^^^^^^^^^^^^^^^^^^^^^^^^^
  File "C:\Users\saket\Downloads\marathi_scraper\marathi_scraper\.venv\Lib\site-packages\scrapy\utils\python.py", line 347, in _async_chain
    async for o in as_async_generator(it):
  File "C:\Users\saket\Downloads\marathi_scraper\marathi_scraper\.venv\Lib\site-packages\scrapy\utils\asyncgen.py", line 18, in as_async_generator
    async for r in it:
  File "C:\Users\saket\Downloads\marathi_scraper\marathi_scraper\.venv\Lib\site-packages\scrapy\utils\python.py", line 366, in __anext__
    return await self.data.__anext__()
           ^^^^^^^^^^^^^^^^^^^^^^^^^^^
  File "C:\Users\saket\Downloads\marathi_scraper\marathi_scraper\.venv\Lib\site-packages\scrapy\utils\python.py", line 347, in _async_chain
    async for o in as_async_generator(it):
  File "C:\Users\saket\Downloads\marathi_scraper\marathi_scraper\.venv\Lib\site-packages\scrapy\utils\asyncgen.py", line 18, in as_async_generator
    async for r in it:
  File "C:\Users\saket\Downloads\marathi_scraper\marathi_scraper\.venv\Lib\site-packages\scrapy\core\spidermw.py", line 111, in _evaluate_iterable
    exception_result: MutableAsyncChain[_T] = self._process_spider_exception(
                                              ^^^^^^^^^^^^^^^^^^^^^^^^^^^^^^^
  File "C:\Users\saket\Downloads\marathi_scraper\marathi_scraper\.venv\Lib\site-packages\scrapy\core\spidermw.py", line 150, in _process_spider_exception
    raise exception
  File "C:\Users\saket\Downloads\marathi_scraper\marathi_scraper\.venv\Lib\site-packages\scrapy\core\spidermw.py", line 108, in _evaluate_iterable
    async for r in iterable:
  File "C:\Users\saket\Downloads\marathi_scraper\marathi_scraper\.venv\Lib\site-packages\scrapy\utils\decorators.py", line 152, in asyncgen_inner
    async for item in func(*args, **kwargs):
  File "C:\Users\saket\Downloads\marathi_scraper\marathi_scraper\.venv\Lib\site-packages\scrapy\spidermiddlewares\base.py", line 67, in process_spider_output_async
    async for o in result:
  File "C:\Users\saket\Downloads\marathi_scraper\marathi_scraper\.venv\Lib\site-packages\scrapy\core\spidermw.py", line 111, in _evaluate_iterable
    exception_result: MutableAsyncChain[_T] = self._process_spider_exception(
                                              ^^^^^^^^^^^^^^^^^^^^^^^^^^^^^^^
  File "C:\Users\saket\Downloads\marathi_scraper\marathi_scraper\.venv\Lib\site-packages\scrapy\core\spidermw.py", line 150, in _process_spider_exception
    raise exception
  File "C:\Users\saket\Downloads\marathi_scraper\marathi_scraper\.venv\Lib\site-packages\scrapy\core\spidermw.py", line 108, in _evaluate_iterable
    async for r in iterable:
  File "C:\Users\saket\Downloads\marathi_scraper\marathi_scraper\.venv\Lib\site-packages\scrapy\utils\decorators.py", line 152, in asyncgen_inner
    async for item in func(*args, **kwargs):
  File "C:\Users\saket\Downloads\marathi_scraper\marathi_scraper\.venv\Lib\site-packages\scrapy\spidermiddlewares\base.py", line 67, in process_spider_output_async
    async for o in result:
  File "C:\Users\saket\Downloads\marathi_scraper\marathi_scraper\.venv\Lib\site-packages\scrapy\core\spidermw.py", line 111, in _evaluate_iterable
    exception_result: MutableAsyncChain[_T] = self._process_spider_exception(
                                              ^^^^^^^^^^^^^^^^^^^^^^^^^^^^^^^
  File "C:\Users\saket\Downloads\marathi_scraper\marathi_scraper\.venv\Lib\site-packages\scrapy\core\spidermw.py", line 150, in _process_spider_exception
    raise exception
  File "C:\Users\saket\Downloads\marathi_scraper\marathi_scraper\.venv\Lib\site-packages\scrapy\core\spidermw.py", line 108, in _evaluate_iterable
    async for r in iterable:
  File "C:\Users\saket\Downloads\marathi_scraper\marathi_scraper\.venv\Lib\site-packages\scrapy\utils\decorators.py", line 152, in asyncgen_inner
    async for item in func(*args, **kwargs):
  File "C:\Users\saket\Downloads\marathi_scraper\marathi_scraper\.venv\Lib\site-packages\scrapy\spidermiddlewares\base.py", line 67, in process_spider_output_async
    async for o in result:
  File "C:\Users\saket\Downloads\marathi_scraper\marathi_scraper\.venv\Lib\site-packages\scrapy\core\spidermw.py", line 111, in _evaluate_iterable
    exception_result: MutableAsyncChain[_T] = self._process_spider_exception(
                                              ^^^^^^^^^^^^^^^^^^^^^^^^^^^^^^^
  File "C:\Users\saket\Downloads\marathi_scraper\marathi_scraper\.venv\Lib\site-packages\scrapy\core\spidermw.py", line 150, in _process_spider_exception
    raise exception
  File "C:\Users\saket\Downloads\marathi_scraper\marathi_scraper\.venv\Lib\site-packages\scrapy\core\spidermw.py", line 108, in _evaluate_iterable
    async for r in iterable:
  File "C:\Users\saket\Downloads\marathi_scraper\marathi_scraper\.venv\Lib\site-packages\scrapy\utils\decorators.py", line 152, in asyncgen_inner
    async for item in func(*args, **kwargs):
  File "C:\Users\saket\Downloads\marathi_scraper\marathi_scraper\.venv\Lib\site-packages\scrapy\spidermiddlewares\depth.py", line 97, in process_spider_output_async
    async for o in super().process_spider_output_async(response, result):
  File "C:\Users\saket\Downloads\marathi_scraper\marathi_scraper\.venv\Lib\site-packages\scrapy\utils\decorators.py", line 152, in asyncgen_inner
    async for item in func(*args, **kwargs):
  File "C:\Users\saket\Downloads\marathi_scraper\marathi_scraper\.venv\Lib\site-packages\scrapy\spidermiddlewares\base.py", line 67, in process_spider_output_async
    async for o in result:
  File "C:\Users\saket\Downloads\marathi_scraper\marathi_scraper\.venv\Lib\site-packages\scrapy\core\spidermw.py", line 111, in _evaluate_iterable
    exception_result: MutableAsyncChain[_T] = self._process_spider_exception(
                                              ^^^^^^^^^^^^^^^^^^^^^^^^^^^^^^^
  File "C:\Users\saket\Downloads\marathi_scraper\marathi_scraper\.venv\Lib\site-packages\scrapy\core\spidermw.py", line 150, in _process_spider_exception
    raise exception
  File "C:\Users\saket\Downloads\marathi_scraper\marathi_scraper\.venv\Lib\site-packages\scrapy\core\spidermw.py", line 108, in _evaluate_iterable
    async for r in iterable:
  File "C:\Users\saket\Downloads\marathi_scraper\marathi_scraper\.venv\Lib\site-packages\scrapy\utils\decorators.py", line 152, in asyncgen_inner
    async for item in func(*args, **kwargs):
  File "C:\Users\saket\Downloads\marathi_scraper\marathi_scraper\.venv\Lib\site-packages\scrapy\spidermiddlewares\base.py", line 67, in process_spider_output_async
    async for o in result:
  File "C:\Users\saket\Downloads\marathi_scraper\marathi_scraper\.venv\Lib\site-packages\scrapy\core\spidermw.py", line 111, in _evaluate_iterable
    exception_result: MutableAsyncChain[_T] = self._process_spider_exception(
                                              ^^^^^^^^^^^^^^^^^^^^^^^^^^^^^^^
  File "C:\Users\saket\Downloads\marathi_scraper\marathi_scraper\.venv\Lib\site-packages\scrapy\core\spidermw.py", line 150, in _process_spider_exception
    raise exception
  File "C:\Users\saket\Downloads\marathi_scraper\marathi_scraper\.venv\Lib\site-packages\scrapy\core\spidermw.py", line 108, in _evaluate_iterable
    async for r in iterable:
  File "C:\Users\saket\Downloads\marathi_scraper\marathi_scraper\.venv\Lib\site-packages\scrapy\utils\asyncgen.py", line 21, in as_async_generator
    for r in it:
             ^^
  File "C:\Users\saket\Downloads\marathi_scraper\marathi_scraper\marathi_scraper\spiders\finance_spider.py", line 94, in parse_article
    item["canonical_url"] = (
    ~~~~^^^^^^^^^^^^^^^^^
  File "C:\Users\saket\Downloads\marathi_scraper\marathi_scraper\.venv\Lib\site-packages\scrapy\item.py", line 121, in __setitem__
    raise KeyError(f"{self.__class__.__name__} does not support field: {key}")
KeyError: 'ArticleItem does not support field: canonical_url'
2026-09-10 18:29:02 [scrapy.core.scraper] ERROR: Spider error processing <GET https://marathifinance.blog/pradhan-mantri-fasal-bima-yojana-information-in-marathi/> (referer: https://marathifinance.blog/)
Traceback (most recent call last):
  File "C:\Users\saket\Downloads\marathi_scraper\marathi_scraper\.venv\Lib\site-packages\scrapy\utils\defer.py", line 373, in aiter_errback
    yield await anext(it)
          ^^^^^^^^^^^^^^^
  File "C:\Users\saket\Downloads\marathi_scraper\marathi_scraper\.venv\Lib\site-packages\scrapy\utils\python.py", line 366, in __anext__
    return await self.data.__anext__()
           ^^^^^^^^^^^^^^^^^^^^^^^^^^^
  File "C:\Users\saket\Downloads\marathi_scraper\marathi_scraper\.venv\Lib\site-packages\scrapy\utils\python.py", line 347, in _async_chain
    async for o in as_async_generator(it):
  File "C:\Users\saket\Downloads\marathi_scraper\marathi_scraper\.venv\Lib\site-packages\scrapy\utils\asyncgen.py", line 18, in as_async_generator
    async for r in it:
  File "C:\Users\saket\Downloads\marathi_scraper\marathi_scraper\.venv\Lib\site-packages\scrapy\utils\python.py", line 366, in __anext__
    return await self.data.__anext__()
           ^^^^^^^^^^^^^^^^^^^^^^^^^^^
  File "C:\Users\saket\Downloads\marathi_scraper\marathi_scraper\.venv\Lib\site-packages\scrapy\utils\python.py", line 347, in _async_chain
    async for o in as_async_generator(it):
  File "C:\Users\saket\Downloads\marathi_scraper\marathi_scraper\.venv\Lib\site-packages\scrapy\utils\asyncgen.py", line 18, in as_async_generator
    async for r in it:
  File "C:\Users\saket\Downloads\marathi_scraper\marathi_scraper\.venv\Lib\site-packages\scrapy\core\spidermw.py", line 111, in _evaluate_iterable
    exception_result: MutableAsyncChain[_T] = self._process_spider_exception(
                                              ^^^^^^^^^^^^^^^^^^^^^^^^^^^^^^^
  File "C:\Users\saket\Downloads\marathi_scraper\marathi_scraper\.venv\Lib\site-packages\scrapy\core\spidermw.py", line 150, in _process_spider_exception
    raise exception
  File "C:\Users\saket\Downloads\marathi_scraper\marathi_scraper\.venv\Lib\site-packages\scrapy\core\spidermw.py", line 108, in _evaluate_iterable
    async for r in iterable:
  File "C:\Users\saket\Downloads\marathi_scraper\marathi_scraper\.venv\Lib\site-packages\scrapy\utils\decorators.py", line 152, in asyncgen_inner
    async for item in func(*args, **kwargs):
  File "C:\Users\saket\Downloads\marathi_scraper\marathi_scraper\.venv\Lib\site-packages\scrapy\spidermiddlewares\base.py", line 67, in process_spider_output_async
    async for o in result:
  File "C:\Users\saket\Downloads\marathi_scraper\marathi_scraper\.venv\Lib\site-packages\scrapy\core\spidermw.py", line 111, in _evaluate_iterable
    exception_result: MutableAsyncChain[_T] = self._process_spider_exception(
                                              ^^^^^^^^^^^^^^^^^^^^^^^^^^^^^^^
  File "C:\Users\saket\Downloads\marathi_scraper\marathi_scraper\.venv\Lib\site-packages\scrapy\core\spidermw.py", line 150, in _process_spider_exception
    raise exception
  File "C:\Users\saket\Downloads\marathi_scraper\marathi_scraper\.venv\Lib\site-packages\scrapy\core\spidermw.py", line 108, in _evaluate_iterable
    async for r in iterable:
  File "C:\Users\saket\Downloads\marathi_scraper\marathi_scraper\.venv\Lib\site-packages\scrapy\utils\decorators.py", line 152, in asyncgen_inner
    async for item in func(*args, **kwargs):
  File "C:\Users\saket\Downloads\marathi_scraper\marathi_scraper\.venv\Lib\site-packages\scrapy\spidermiddlewares\base.py", line 67, in process_spider_output_async
    async for o in result:
  File "C:\Users\saket\Downloads\marathi_scraper\marathi_scraper\.venv\Lib\site-packages\scrapy\core\spidermw.py", line 111, in _evaluate_iterable
    exception_result: MutableAsyncChain[_T] = self._process_spider_exception(
                                              ^^^^^^^^^^^^^^^^^^^^^^^^^^^^^^^
  File "C:\Users\saket\Downloads\marathi_scraper\marathi_scraper\.venv\Lib\site-packages\scrapy\core\spidermw.py", line 150, in _process_spider_exception
    raise exception
  File "C:\Users\saket\Downloads\marathi_scraper\marathi_scraper\.venv\Lib\site-packages\scrapy\core\spidermw.py", line 108, in _evaluate_iterable
    async for r in iterable:
  File "C:\Users\saket\Downloads\marathi_scraper\marathi_scraper\.venv\Lib\site-packages\scrapy\utils\decorators.py", line 152, in asyncgen_inner
    async for item in func(*args, **kwargs):
  File "C:\Users\saket\Downloads\marathi_scraper\marathi_scraper\.venv\Lib\site-packages\scrapy\spidermiddlewares\base.py", line 67, in process_spider_output_async
    async for o in result:
  File "C:\Users\saket\Downloads\marathi_scraper\marathi_scraper\.venv\Lib\site-packages\scrapy\core\spidermw.py", line 111, in _evaluate_iterable
    exception_result: MutableAsyncChain[_T] = self._process_spider_exception(
                                              ^^^^^^^^^^^^^^^^^^^^^^^^^^^^^^^
  File "C:\Users\saket\Downloads\marathi_scraper\marathi_scraper\.venv\Lib\site-packages\scrapy\core\spidermw.py", line 150, in _process_spider_exception
    raise exception
  File "C:\Users\saket\Downloads\marathi_scraper\marathi_scraper\.venv\Lib\site-packages\scrapy\core\spidermw.py", line 108, in _evaluate_iterable
    async for r in iterable:
  File "C:\Users\saket\Downloads\marathi_scraper\marathi_scraper\.venv\Lib\site-packages\scrapy\utils\decorators.py", line 152, in asyncgen_inner
    async for item in func(*args, **kwargs):
  File "C:\Users\saket\Downloads\marathi_scraper\marathi_scraper\.venv\Lib\site-packages\scrapy\spidermiddlewares\depth.py", line 97, in process_spider_output_async
    async for o in super().process_spider_output_async(response, result):
  File "C:\Users\saket\Downloads\marathi_scraper\marathi_scraper\.venv\Lib\site-packages\scrapy\utils\decorators.py", line 152, in asyncgen_inner
    async for item in func(*args, **kwargs):
  File "C:\Users\saket\Downloads\marathi_scraper\marathi_scraper\.venv\Lib\site-packages\scrapy\spidermiddlewares\base.py", line 67, in process_spider_output_async
    async for o in result:
  File "C:\Users\saket\Downloads\marathi_scraper\marathi_scraper\.venv\Lib\site-packages\scrapy\core\spidermw.py", line 111, in _evaluate_iterable
    exception_result: MutableAsyncChain[_T] = self._process_spider_exception(
                                              ^^^^^^^^^^^^^^^^^^^^^^^^^^^^^^^
  File "C:\Users\saket\Downloads\marathi_scraper\marathi_scraper\.venv\Lib\site-packages\scrapy\core\spidermw.py", line 150, in _process_spider_exception
    raise exception
  File "C:\Users\saket\Downloads\marathi_scraper\marathi_scraper\.venv\Lib\site-packages\scrapy\core\spidermw.py", line 108, in _evaluate_iterable
    async for r in iterable:
  File "C:\Users\saket\Downloads\marathi_scraper\marathi_scraper\.venv\Lib\site-packages\scrapy\utils\decorators.py", line 152, in asyncgen_inner
    async for item in func(*args, **kwargs):
  File "C:\Users\saket\Downloads\marathi_scraper\marathi_scraper\.venv\Lib\site-packages\scrapy\spidermiddlewares\base.py", line 67, in process_spider_output_async
    async for o in result:
  File "C:\Users\saket\Downloads\marathi_scraper\marathi_scraper\.venv\Lib\site-packages\scrapy\core\spidermw.py", line 111, in _evaluate_iterable
    exception_result: MutableAsyncChain[_T] = self._process_spider_exception(
                                              ^^^^^^^^^^^^^^^^^^^^^^^^^^^^^^^
  File "C:\Users\saket\Downloads\marathi_scraper\marathi_scraper\.venv\Lib\site-packages\scrapy\core\spidermw.py", line 150, in _process_spider_exception
    raise exception
  File "C:\Users\saket\Downloads\marathi_scraper\marathi_scraper\.venv\Lib\site-packages\scrapy\core\spidermw.py", line 108, in _evaluate_iterable
    async for r in iterable:
  File "C:\Users\saket\Downloads\marathi_scraper\marathi_scraper\.venv\Lib\site-packages\scrapy\utils\asyncgen.py", line 21, in as_async_generator
    for r in it:
             ^^
  File "C:\Users\saket\Downloads\marathi_scraper\marathi_scraper\marathi_scraper\spiders\finance_spider.py", line 94, in parse_article
    item["canonical_url"] = (
    ~~~~^^^^^^^^^^^^^^^^^
  File "C:\Users\saket\Downloads\marathi_scraper\marathi_scraper\.venv\Lib\site-packages\scrapy\item.py", line 121, in __setitem__
    raise KeyError(f"{self.__class__.__name__} does not support field: {key}")
KeyError: 'ArticleItem does not support field: canonical_url'
2026-09-10 18:29:04 [scrapy.core.scraper] ERROR: Spider error processing <GET https://marathifinance.blog/health-insurance-4-things-to-check/> (referer: https://marathifinance.blog/)
Traceback (most recent call last):
  File "C:\Users\saket\Downloads\marathi_scraper\marathi_scraper\.venv\Lib\site-packages\scrapy\utils\defer.py", line 373, in aiter_errback
    yield await anext(it)
          ^^^^^^^^^^^^^^^
  File "C:\Users\saket\Downloads\marathi_scraper\marathi_scraper\.venv\Lib\site-packages\scrapy\utils\python.py", line 366, in __anext__
    return await self.data.__anext__()
           ^^^^^^^^^^^^^^^^^^^^^^^^^^^
  File "C:\Users\saket\Downloads\marathi_scraper\marathi_scraper\.venv\Lib\site-packages\scrapy\utils\python.py", line 347, in _async_chain
    async for o in as_async_generator(it):
  File "C:\Users\saket\Downloads\marathi_scraper\marathi_scraper\.venv\Lib\site-packages\scrapy\utils\asyncgen.py", line 18, in as_async_generator
    async for r in it:
  File "C:\Users\saket\Downloads\marathi_scraper\marathi_scraper\.venv\Lib\site-packages\scrapy\utils\python.py", line 366, in __anext__
    return await self.data.__anext__()
           ^^^^^^^^^^^^^^^^^^^^^^^^^^^
  File "C:\Users\saket\Downloads\marathi_scraper\marathi_scraper\.venv\Lib\site-packages\scrapy\utils\python.py", line 347, in _async_chain
    async for o in as_async_generator(it):
  File "C:\Users\saket\Downloads\marathi_scraper\marathi_scraper\.venv\Lib\site-packages\scrapy\utils\asyncgen.py", line 18, in as_async_generator
    async for r in it:
  File "C:\Users\saket\Downloads\marathi_scraper\marathi_scraper\.venv\Lib\site-packages\scrapy\core\spidermw.py", line 111, in _evaluate_iterable
    exception_result: MutableAsyncChain[_T] = self._process_spider_exception(
                                              ^^^^^^^^^^^^^^^^^^^^^^^^^^^^^^^
  File "C:\Users\saket\Downloads\marathi_scraper\marathi_scraper\.venv\Lib\site-packages\scrapy\core\spidermw.py", line 150, in _process_spider_exception
    raise exception
  File "C:\Users\saket\Downloads\marathi_scraper\marathi_scraper\.venv\Lib\site-packages\scrapy\core\spidermw.py", line 108, in _evaluate_iterable
    async for r in iterable:
  File "C:\Users\saket\Downloads\marathi_scraper\marathi_scraper\.venv\Lib\site-packages\scrapy\utils\decorators.py", line 152, in asyncgen_inner
    async for item in func(*args, **kwargs):
  File "C:\Users\saket\Downloads\marathi_scraper\marathi_scraper\.venv\Lib\site-packages\scrapy\spidermiddlewares\base.py", line 67, in process_spider_output_async
    async for o in result:
  File "C:\Users\saket\Downloads\marathi_scraper\marathi_scraper\.venv\Lib\site-packages\scrapy\core\spidermw.py", line 111, in _evaluate_iterable
    exception_result: MutableAsyncChain[_T] = self._process_spider_exception(
                                              ^^^^^^^^^^^^^^^^^^^^^^^^^^^^^^^
  File "C:\Users\saket\Downloads\marathi_scraper\marathi_scraper\.venv\Lib\site-packages\scrapy\core\spidermw.py", line 150, in _process_spider_exception
    raise exception
  File "C:\Users\saket\Downloads\marathi_scraper\marathi_scraper\.venv\Lib\site-packages\scrapy\core\spidermw.py", line 108, in _evaluate_iterable
    async for r in iterable:
  File "C:\Users\saket\Downloads\marathi_scraper\marathi_scraper\.venv\Lib\site-packages\scrapy\utils\decorators.py", line 152, in asyncgen_inner
    async for item in func(*args, **kwargs):
  File "C:\Users\saket\Downloads\marathi_scraper\marathi_scraper\.venv\Lib\site-packages\scrapy\spidermiddlewares\base.py", line 67, in process_spider_output_async
    async for o in result:
  File "C:\Users\saket\Downloads\marathi_scraper\marathi_scraper\.venv\Lib\site-packages\scrapy\core\spidermw.py", line 111, in _evaluate_iterable
    exception_result: MutableAsyncChain[_T] = self._process_spider_exception(
                                              ^^^^^^^^^^^^^^^^^^^^^^^^^^^^^^^
  File "C:\Users\saket\Downloads\marathi_scraper\marathi_scraper\.venv\Lib\site-packages\scrapy\core\spidermw.py", line 150, in _process_spider_exception
    raise exception
  File "C:\Users\saket\Downloads\marathi_scraper\marathi_scraper\.venv\Lib\site-packages\scrapy\core\spidermw.py", line 108, in _evaluate_iterable
    async for r in iterable:
  File "C:\Users\saket\Downloads\marathi_scraper\marathi_scraper\.venv\Lib\site-packages\scrapy\utils\decorators.py", line 152, in asyncgen_inner
    async for item in func(*args, **kwargs):
  File "C:\Users\saket\Downloads\marathi_scraper\marathi_scraper\.venv\Lib\site-packages\scrapy\spidermiddlewares\base.py", line 67, in process_spider_output_async
    async for o in result:
  File "C:\Users\saket\Downloads\marathi_scraper\marathi_scraper\.venv\Lib\site-packages\scrapy\core\spidermw.py", line 111, in _evaluate_iterable
    exception_result: MutableAsyncChain[_T] = self._process_spider_exception(
                                              ^^^^^^^^^^^^^^^^^^^^^^^^^^^^^^^
  File "C:\Users\saket\Downloads\marathi_scraper\marathi_scraper\.venv\Lib\site-packages\scrapy\core\spidermw.py", line 150, in _process_spider_exception
    raise exception
  File "C:\Users\saket\Downloads\marathi_scraper\marathi_scraper\.venv\Lib\site-packages\scrapy\core\spidermw.py", line 108, in _evaluate_iterable
    async for r in iterable:
  File "C:\Users\saket\Downloads\marathi_scraper\marathi_scraper\.venv\Lib\site-packages\scrapy\utils\decorators.py", line 152, in asyncgen_inner
    async for item in func(*args, **kwargs):
  File "C:\Users\saket\Downloads\marathi_scraper\marathi_scraper\.venv\Lib\site-packages\scrapy\spidermiddlewares\depth.py", line 97, in process_spider_output_async
    async for o in super().process_spider_output_async(response, result):
  File "C:\Users\saket\Downloads\marathi_scraper\marathi_scraper\.venv\Lib\site-packages\scrapy\utils\decorators.py", line 152, in asyncgen_inner
    async for item in func(*args, **kwargs):
  File "C:\Users\saket\Downloads\marathi_scraper\marathi_scraper\.venv\Lib\site-packages\scrapy\spidermiddlewares\base.py", line 67, in process_spider_output_async
    async for o in result:
  File "C:\Users\saket\Downloads\marathi_scraper\marathi_scraper\.venv\Lib\site-packages\scrapy\core\spidermw.py", line 111, in _evaluate_iterable
    exception_result: MutableAsyncChain[_T] = self._process_spider_exception(
                                              ^^^^^^^^^^^^^^^^^^^^^^^^^^^^^^^
  File "C:\Users\saket\Downloads\marathi_scraper\marathi_scraper\.venv\Lib\site-packages\scrapy\core\spidermw.py", line 150, in _process_spider_exception
    raise exception
  File "C:\Users\saket\Downloads\marathi_scraper\marathi_scraper\.venv\Lib\site-packages\scrapy\core\spidermw.py", line 108, in _evaluate_iterable
    async for r in iterable:
  File "C:\Users\saket\Downloads\marathi_scraper\marathi_scraper\.venv\Lib\site-packages\scrapy\utils\decorators.py", line 152, in asyncgen_inner
    async for item in func(*args, **kwargs):
  File "C:\Users\saket\Downloads\marathi_scraper\marathi_scraper\.venv\Lib\site-packages\scrapy\spidermiddlewares\base.py", line 67, in process_spider_output_async
    async for o in result:
  File "C:\Users\saket\Downloads\marathi_scraper\marathi_scraper\.venv\Lib\site-packages\scrapy\core\spidermw.py", line 111, in _evaluate_iterable
    exception_result: MutableAsyncChain[_T] = self._process_spider_exception(
                                              ^^^^^^^^^^^^^^^^^^^^^^^^^^^^^^^
  File "C:\Users\saket\Downloads\marathi_scraper\marathi_scraper\.venv\Lib\site-packages\scrapy\core\spidermw.py", line 150, in _process_spider_exception
    raise exception
  File "C:\Users\saket\Downloads\marathi_scraper\marathi_scraper\.venv\Lib\site-packages\scrapy\core\spidermw.py", line 108, in _evaluate_iterable
    async for r in iterable:
  File "C:\Users\saket\Downloads\marathi_scraper\marathi_scraper\.venv\Lib\site-packages\scrapy\utils\asyncgen.py", line 21, in as_async_generator
    for r in it:
             ^^
  File "C:\Users\saket\Downloads\marathi_scraper\marathi_scraper\marathi_scraper\spiders\finance_spider.py", line 94, in parse_article
    item["canonical_url"] = (
    ~~~~^^^^^^^^^^^^^^^^^
  File "C:\Users\saket\Downloads\marathi_scraper\marathi_scraper\.venv\Lib\site-packages\scrapy\item.py", line 121, in __setitem__
    raise KeyError(f"{self.__class__.__name__} does not support field: {key}")
KeyError: 'ArticleItem does not support field: canonical_url'
2026-09-10 18:29:04 [scrapy.core.scraper] ERROR: Spider error processing <GET https://marathifinance.blog/corporate-health-insurance-vs-personal-health-insurance/> (referer: https://marathifinance.blog/)
Traceback (most recent call last):
  File "C:\Users\saket\Downloads\marathi_scraper\marathi_scraper\.venv\Lib\site-packages\scrapy\utils\defer.py", line 373, in aiter_errback
    yield await anext(it)
          ^^^^^^^^^^^^^^^
  File "C:\Users\saket\Downloads\marathi_scraper\marathi_scraper\.venv\Lib\site-packages\scrapy\utils\python.py", line 366, in __anext__
    return await self.data.__anext__()
           ^^^^^^^^^^^^^^^^^^^^^^^^^^^
  File "C:\Users\saket\Downloads\marathi_scraper\marathi_scraper\.venv\Lib\site-packages\scrapy\utils\python.py", line 347, in _async_chain
    async for o in as_async_generator(it):
  File "C:\Users\saket\Downloads\marathi_scraper\marathi_scraper\.venv\Lib\site-packages\scrapy\utils\asyncgen.py", line 18, in as_async_generator
    async for r in it:
  File "C:\Users\saket\Downloads\marathi_scraper\marathi_scraper\.venv\Lib\site-packages\scrapy\utils\python.py", line 366, in __anext__
    return await self.data.__anext__()
           ^^^^^^^^^^^^^^^^^^^^^^^^^^^
  File "C:\Users\saket\Downloads\marathi_scraper\marathi_scraper\.venv\Lib\site-packages\scrapy\utils\python.py", line 347, in _async_chain
    async for o in as_async_generator(it):
  File "C:\Users\saket\Downloads\marathi_scraper\marathi_scraper\.venv\Lib\site-packages\scrapy\utils\asyncgen.py", line 18, in as_async_generator
    async for r in it:
  File "C:\Users\saket\Downloads\marathi_scraper\marathi_scraper\.venv\Lib\site-packages\scrapy\core\spidermw.py", line 111, in _evaluate_iterable
    exception_result: MutableAsyncChain[_T] = self._process_spider_exception(
                                              ^^^^^^^^^^^^^^^^^^^^^^^^^^^^^^^
  File "C:\Users\saket\Downloads\marathi_scraper\marathi_scraper\.venv\Lib\site-packages\scrapy\core\spidermw.py", line 150, in _process_spider_exception
    raise exception
  File "C:\Users\saket\Downloads\marathi_scraper\marathi_scraper\.venv\Lib\site-packages\scrapy\core\spidermw.py", line 108, in _evaluate_iterable
    async for r in iterable:
  File "C:\Users\saket\Downloads\marathi_scraper\marathi_scraper\.venv\Lib\site-packages\scrapy\utils\decorators.py", line 152, in asyncgen_inner
    async for item in func(*args, **kwargs):
  File "C:\Users\saket\Downloads\marathi_scraper\marathi_scraper\.venv\Lib\site-packages\scrapy\spidermiddlewares\base.py", line 67, in process_spider_output_async
    async for o in result:
  File "C:\Users\saket\Downloads\marathi_scraper\marathi_scraper\.venv\Lib\site-packages\scrapy\core\spidermw.py", line 111, in _evaluate_iterable
    exception_result: MutableAsyncChain[_T] = self._process_spider_exception(
                                              ^^^^^^^^^^^^^^^^^^^^^^^^^^^^^^^
  File "C:\Users\saket\Downloads\marathi_scraper\marathi_scraper\.venv\Lib\site-packages\scrapy\core\spidermw.py", line 150, in _process_spider_exception
    raise exception
  File "C:\Users\saket\Downloads\marathi_scraper\marathi_scraper\.venv\Lib\site-packages\scrapy\core\spidermw.py", line 108, in _evaluate_iterable
    async for r in iterable:
  File "C:\Users\saket\Downloads\marathi_scraper\marathi_scraper\.venv\Lib\site-packages\scrapy\utils\decorators.py", line 152, in asyncgen_inner
    async for item in func(*args, **kwargs):
  File "C:\Users\saket\Downloads\marathi_scraper\marathi_scraper\.venv\Lib\site-packages\scrapy\spidermiddlewares\base.py", line 67, in process_spider_output_async
    async for o in result:
  File "C:\Users\saket\Downloads\marathi_scraper\marathi_scraper\.venv\Lib\site-packages\scrapy\core\spidermw.py", line 111, in _evaluate_iterable
    exception_result: MutableAsyncChain[_T] = self._process_spider_exception(
                                              ^^^^^^^^^^^^^^^^^^^^^^^^^^^^^^^
  File "C:\Users\saket\Downloads\marathi_scraper\marathi_scraper\.venv\Lib\site-packages\scrapy\core\spidermw.py", line 150, in _process_spider_exception
    raise exception
  File "C:\Users\saket\Downloads\marathi_scraper\marathi_scraper\.venv\Lib\site-packages\scrapy\core\spidermw.py", line 108, in _evaluate_iterable
    async for r in iterable:
  File "C:\Users\saket\Downloads\marathi_scraper\marathi_scraper\.venv\Lib\site-packages\scrapy\utils\decorators.py", line 152, in asyncgen_inner
    async for item in func(*args, **kwargs):
  File "C:\Users\saket\Downloads\marathi_scraper\marathi_scraper\.venv\Lib\site-packages\scrapy\spidermiddlewares\base.py", line 67, in process_spider_output_async
    async for o in result:
  File "C:\Users\saket\Downloads\marathi_scraper\marathi_scraper\.venv\Lib\site-packages\scrapy\core\spidermw.py", line 111, in _evaluate_iterable
    exception_result: MutableAsyncChain[_T] = self._process_spider_exception(
                                              ^^^^^^^^^^^^^^^^^^^^^^^^^^^^^^^
  File "C:\Users\saket\Downloads\marathi_scraper\marathi_scraper\.venv\Lib\site-packages\scrapy\core\spidermw.py", line 150, in _process_spider_exception
    raise exception
  File "C:\Users\saket\Downloads\marathi_scraper\marathi_scraper\.venv\Lib\site-packages\scrapy\core\spidermw.py", line 108, in _evaluate_iterable
    async for r in iterable:
  File "C:\Users\saket\Downloads\marathi_scraper\marathi_scraper\.venv\Lib\site-packages\scrapy\utils\decorators.py", line 152, in asyncgen_inner
    async for item in func(*args, **kwargs):
  File "C:\Users\saket\Downloads\marathi_scraper\marathi_scraper\.venv\Lib\site-packages\scrapy\spidermiddlewares\depth.py", line 97, in process_spider_output_async
    async for o in super().process_spider_output_async(response, result):
  File "C:\Users\saket\Downloads\marathi_scraper\marathi_scraper\.venv\Lib\site-packages\scrapy\utils\decorators.py", line 152, in asyncgen_inner
    async for item in func(*args, **kwargs):
  File "C:\Users\saket\Downloads\marathi_scraper\marathi_scraper\.venv\Lib\site-packages\scrapy\spidermiddlewares\base.py", line 67, in process_spider_output_async
    async for o in result:
  File "C:\Users\saket\Downloads\marathi_scraper\marathi_scraper\.venv\Lib\site-packages\scrapy\core\spidermw.py", line 111, in _evaluate_iterable
    exception_result: MutableAsyncChain[_T] = self._process_spider_exception(
                                              ^^^^^^^^^^^^^^^^^^^^^^^^^^^^^^^
  File "C:\Users\saket\Downloads\marathi_scraper\marathi_scraper\.venv\Lib\site-packages\scrapy\core\spidermw.py", line 150, in _process_spider_exception
    raise exception
  File "C:\Users\saket\Downloads\marathi_scraper\marathi_scraper\.venv\Lib\site-packages\scrapy\core\spidermw.py", line 108, in _evaluate_iterable
    async for r in iterable:
  File "C:\Users\saket\Downloads\marathi_scraper\marathi_scraper\.venv\Lib\site-packages\scrapy\utils\decorators.py", line 152, in asyncgen_inner
    async for item in func(*args, **kwargs):
  File "C:\Users\saket\Downloads\marathi_scraper\marathi_scraper\.venv\Lib\site-packages\scrapy\spidermiddlewares\base.py", line 67, in process_spider_output_async
    async for o in result:
  File "C:\Users\saket\Downloads\marathi_scraper\marathi_scraper\.venv\Lib\site-packages\scrapy\core\spidermw.py", line 111, in _evaluate_iterable
    exception_result: MutableAsyncChain[_T] = self._process_spider_exception(
                                              ^^^^^^^^^^^^^^^^^^^^^^^^^^^^^^^
  File "C:\Users\saket\Downloads\marathi_scraper\marathi_scraper\.venv\Lib\site-packages\scrapy\core\spidermw.py", line 150, in _process_spider_exception
    raise exception
  File "C:\Users\saket\Downloads\marathi_scraper\marathi_scraper\.venv\Lib\site-packages\scrapy\core\spidermw.py", line 108, in _evaluate_iterable
    async for r in iterable:
  File "C:\Users\saket\Downloads\marathi_scraper\marathi_scraper\.venv\Lib\site-packages\scrapy\utils\asyncgen.py", line 21, in as_async_generator
    for r in it:
             ^^
  File "C:\Users\saket\Downloads\marathi_scraper\marathi_scraper\marathi_scraper\spiders\finance_spider.py", line 94, in parse_article
    item["canonical_url"] = (
    ~~~~^^^^^^^^^^^^^^^^^
  File "C:\Users\saket\Downloads\marathi_scraper\marathi_scraper\.venv\Lib\site-packages\scrapy\item.py", line 121, in __setitem__
    raise KeyError(f"{self.__class__.__name__} does not support field: {key}")
KeyError: 'ArticleItem does not support field: canonical_url'
2026-09-10 18:29:05 [scrapy.core.scraper] ERROR: Spider error processing <GET https://marathifinance.blog/hdfc-bank-loan-interest-rate-mclr-emi/> (referer: https://marathifinance.blog/)
Traceback (most recent call last):
  File "C:\Users\saket\Downloads\marathi_scraper\marathi_scraper\.venv\Lib\site-packages\scrapy\utils\defer.py", line 373, in aiter_errback
    yield await anext(it)
          ^^^^^^^^^^^^^^^
  File "C:\Users\saket\Downloads\marathi_scraper\marathi_scraper\.venv\Lib\site-packages\scrapy\utils\python.py", line 366, in __anext__
    return await self.data.__anext__()
           ^^^^^^^^^^^^^^^^^^^^^^^^^^^
  File "C:\Users\saket\Downloads\marathi_scraper\marathi_scraper\.venv\Lib\site-packages\scrapy\utils\python.py", line 347, in _async_chain
    async for o in as_async_generator(it):
  File "C:\Users\saket\Downloads\marathi_scraper\marathi_scraper\.venv\Lib\site-packages\scrapy\utils\asyncgen.py", line 18, in as_async_generator
    async for r in it:
  File "C:\Users\saket\Downloads\marathi_scraper\marathi_scraper\.venv\Lib\site-packages\scrapy\utils\python.py", line 366, in __anext__
    return await self.data.__anext__()
           ^^^^^^^^^^^^^^^^^^^^^^^^^^^
  File "C:\Users\saket\Downloads\marathi_scraper\marathi_scraper\.venv\Lib\site-packages\scrapy\utils\python.py", line 347, in _async_chain
    async for o in as_async_generator(it):
  File "C:\Users\saket\Downloads\marathi_scraper\marathi_scraper\.venv\Lib\site-packages\scrapy\utils\asyncgen.py", line 18, in as_async_generator
    async for r in it:
  File "C:\Users\saket\Downloads\marathi_scraper\marathi_scraper\.venv\Lib\site-packages\scrapy\core\spidermw.py", line 111, in _evaluate_iterable
    exception_result: MutableAsyncChain[_T] = self._process_spider_exception(
                                              ^^^^^^^^^^^^^^^^^^^^^^^^^^^^^^^
  File "C:\Users\saket\Downloads\marathi_scraper\marathi_scraper\.venv\Lib\site-packages\scrapy\core\spidermw.py", line 150, in _process_spider_exception
    raise exception
  File "C:\Users\saket\Downloads\marathi_scraper\marathi_scraper\.venv\Lib\site-packages\scrapy\core\spidermw.py", line 108, in _evaluate_iterable
    async for r in iterable:
  File "C:\Users\saket\Downloads\marathi_scraper\marathi_scraper\.venv\Lib\site-packages\scrapy\utils\decorators.py", line 152, in asyncgen_inner
    async for item in func(*args, **kwargs):
  File "C:\Users\saket\Downloads\marathi_scraper\marathi_scraper\.venv\Lib\site-packages\scrapy\spidermiddlewares\base.py", line 67, in process_spider_output_async
    async for o in result:
  File "C:\Users\saket\Downloads\marathi_scraper\marathi_scraper\.venv\Lib\site-packages\scrapy\core\spidermw.py", line 111, in _evaluate_iterable
    exception_result: MutableAsyncChain[_T] = self._process_spider_exception(
                                              ^^^^^^^^^^^^^^^^^^^^^^^^^^^^^^^
  File "C:\Users\saket\Downloads\marathi_scraper\marathi_scraper\.venv\Lib\site-packages\scrapy\core\spidermw.py", line 150, in _process_spider_exception
    raise exception
  File "C:\Users\saket\Downloads\marathi_scraper\marathi_scraper\.venv\Lib\site-packages\scrapy\core\spidermw.py", line 108, in _evaluate_iterable
    async for r in iterable:
  File "C:\Users\saket\Downloads\marathi_scraper\marathi_scraper\.venv\Lib\site-packages\scrapy\utils\decorators.py", line 152, in asyncgen_inner
    async for item in func(*args, **kwargs):
  File "C:\Users\saket\Downloads\marathi_scraper\marathi_scraper\.venv\Lib\site-packages\scrapy\spidermiddlewares\base.py", line 67, in process_spider_output_async
    async for o in result:
  File "C:\Users\saket\Downloads\marathi_scraper\marathi_scraper\.venv\Lib\site-packages\scrapy\core\spidermw.py", line 111, in _evaluate_iterable
    exception_result: MutableAsyncChain[_T] = self._process_spider_exception(
                                              ^^^^^^^^^^^^^^^^^^^^^^^^^^^^^^^
  File "C:\Users\saket\Downloads\marathi_scraper\marathi_scraper\.venv\Lib\site-packages\scrapy\core\spidermw.py", line 150, in _process_spider_exception
    raise exception
  File "C:\Users\saket\Downloads\marathi_scraper\marathi_scraper\.venv\Lib\site-packages\scrapy\core\spidermw.py", line 108, in _evaluate_iterable
    async for r in iterable:
  File "C:\Users\saket\Downloads\marathi_scraper\marathi_scraper\.venv\Lib\site-packages\scrapy\utils\decorators.py", line 152, in asyncgen_inner
    async for item in func(*args, **kwargs):
  File "C:\Users\saket\Downloads\marathi_scraper\marathi_scraper\.venv\Lib\site-packages\scrapy\spidermiddlewares\base.py", line 67, in process_spider_output_async
    async for o in result:
  File "C:\Users\saket\Downloads\marathi_scraper\marathi_scraper\.venv\Lib\site-packages\scrapy\core\spidermw.py", line 111, in _evaluate_iterable
    exception_result: MutableAsyncChain[_T] = self._process_spider_exception(
                                              ^^^^^^^^^^^^^^^^^^^^^^^^^^^^^^^
  File "C:\Users\saket\Downloads\marathi_scraper\marathi_scraper\.venv\Lib\site-packages\scrapy\core\spidermw.py", line 150, in _process_spider_exception
    raise exception
  File "C:\Users\saket\Downloads\marathi_scraper\marathi_scraper\.venv\Lib\site-packages\scrapy\core\spidermw.py", line 108, in _evaluate_iterable
    async for r in iterable:
  File "C:\Users\saket\Downloads\marathi_scraper\marathi_scraper\.venv\Lib\site-packages\scrapy\utils\decorators.py", line 152, in asyncgen_inner
    async for item in func(*args, **kwargs):
  File "C:\Users\saket\Downloads\marathi_scraper\marathi_scraper\.venv\Lib\site-packages\scrapy\spidermiddlewares\depth.py", line 97, in process_spider_output_async
    async for o in super().process_spider_output_async(response, result):
  File "C:\Users\saket\Downloads\marathi_scraper\marathi_scraper\.venv\Lib\site-packages\scrapy\utils\decorators.py", line 152, in asyncgen_inner
    async for item in func(*args, **kwargs):
  File "C:\Users\saket\Downloads\marathi_scraper\marathi_scraper\.venv\Lib\site-packages\scrapy\spidermiddlewares\base.py", line 67, in process_spider_output_async
    async for o in result:
  File "C:\Users\saket\Downloads\marathi_scraper\marathi_scraper\.venv\Lib\site-packages\scrapy\core\spidermw.py", line 111, in _evaluate_iterable
    exception_result: MutableAsyncChain[_T] = self._process_spider_exception(
                                              ^^^^^^^^^^^^^^^^^^^^^^^^^^^^^^^
  File "C:\Users\saket\Downloads\marathi_scraper\marathi_scraper\.venv\Lib\site-packages\scrapy\core\spidermw.py", line 150, in _process_spider_exception
    raise exception
  File "C:\Users\saket\Downloads\marathi_scraper\marathi_scraper\.venv\Lib\site-packages\scrapy\core\spidermw.py", line 108, in _evaluate_iterable
    async for r in iterable:
  File "C:\Users\saket\Downloads\marathi_scraper\marathi_scraper\.venv\Lib\site-packages\scrapy\utils\decorators.py", line 152, in asyncgen_inner
    async for item in func(*args, **kwargs):
  File "C:\Users\saket\Downloads\marathi_scraper\marathi_scraper\.venv\Lib\site-packages\scrapy\spidermiddlewares\base.py", line 67, in process_spider_output_async
    async for o in result:
  File "C:\Users\saket\Downloads\marathi_scraper\marathi_scraper\.venv\Lib\site-packages\scrapy\core\spidermw.py", line 111, in _evaluate_iterable
    exception_result: MutableAsyncChain[_T] = self._process_spider_exception(
                                              ^^^^^^^^^^^^^^^^^^^^^^^^^^^^^^^
  File "C:\Users\saket\Downloads\marathi_scraper\marathi_scraper\.venv\Lib\site-packages\scrapy\core\spidermw.py", line 150, in _process_spider_exception
    raise exception
  File "C:\Users\saket\Downloads\marathi_scraper\marathi_scraper\.venv\Lib\site-packages\scrapy\core\spidermw.py", line 108, in _evaluate_iterable
    async for r in iterable:
  File "C:\Users\saket\Downloads\marathi_scraper\marathi_scraper\.venv\Lib\site-packages\scrapy\utils\asyncgen.py", line 21, in as_async_generator
    for r in it:
             ^^
  File "C:\Users\saket\Downloads\marathi_scraper\marathi_scraper\marathi_scraper\spiders\finance_spider.py", line 94, in parse_article
    item["canonical_url"] = (
    ~~~~^^^^^^^^^^^^^^^^^
  File "C:\Users\saket\Downloads\marathi_scraper\marathi_scraper\.venv\Lib\site-packages\scrapy\item.py", line 121, in __setitem__
    raise KeyError(f"{self.__class__.__name__} does not support field: {key}")
KeyError: 'ArticleItem does not support field: canonical_url'
2026-09-10 18:29:06 [scrapy.core.scraper] ERROR: Spider error processing <GET https://marathifinance.blog/1997-asian-financial-crisis-ai-economic-crisis-india/> (referer: https://marathifinance.blog/)
Traceback (most recent call last):
  File "C:\Users\saket\Downloads\marathi_scraper\marathi_scraper\.venv\Lib\site-packages\scrapy\utils\defer.py", line 373, in aiter_errback
    yield await anext(it)
          ^^^^^^^^^^^^^^^
  File "C:\Users\saket\Downloads\marathi_scraper\marathi_scraper\.venv\Lib\site-packages\scrapy\utils\python.py", line 366, in __anext__
    return await self.data.__anext__()
           ^^^^^^^^^^^^^^^^^^^^^^^^^^^
  File "C:\Users\saket\Downloads\marathi_scraper\marathi_scraper\.venv\Lib\site-packages\scrapy\utils\python.py", line 347, in _async_chain
    async for o in as_async_generator(it):
  File "C:\Users\saket\Downloads\marathi_scraper\marathi_scraper\.venv\Lib\site-packages\scrapy\utils\asyncgen.py", line 18, in as_async_generator
    async for r in it:
  File "C:\Users\saket\Downloads\marathi_scraper\marathi_scraper\.venv\Lib\site-packages\scrapy\utils\python.py", line 366, in __anext__
    return await self.data.__anext__()
           ^^^^^^^^^^^^^^^^^^^^^^^^^^^
  File "C:\Users\saket\Downloads\marathi_scraper\marathi_scraper\.venv\Lib\site-packages\scrapy\utils\python.py", line 347, in _async_chain
    async for o in as_async_generator(it):
  File "C:\Users\saket\Downloads\marathi_scraper\marathi_scraper\.venv\Lib\site-packages\scrapy\utils\asyncgen.py", line 18, in as_async_generator
    async for r in it:
  File "C:\Users\saket\Downloads\marathi_scraper\marathi_scraper\.venv\Lib\site-packages\scrapy\core\spidermw.py", line 111, in _evaluate_iterable
    exception_result: MutableAsyncChain[_T] = self._process_spider_exception(
                                              ^^^^^^^^^^^^^^^^^^^^^^^^^^^^^^^
  File "C:\Users\saket\Downloads\marathi_scraper\marathi_scraper\.venv\Lib\site-packages\scrapy\core\spidermw.py", line 150, in _process_spider_exception
    raise exception
  File "C:\Users\saket\Downloads\marathi_scraper\marathi_scraper\.venv\Lib\site-packages\scrapy\core\spidermw.py", line 108, in _evaluate_iterable
    async for r in iterable:
  File "C:\Users\saket\Downloads\marathi_scraper\marathi_scraper\.venv\Lib\site-packages\scrapy\utils\decorators.py", line 152, in asyncgen_inner
    async for item in func(*args, **kwargs):
  File "C:\Users\saket\Downloads\marathi_scraper\marathi_scraper\.venv\Lib\site-packages\scrapy\spidermiddlewares\base.py", line 67, in process_spider_output_async
    async for o in result:
  File "C:\Users\saket\Downloads\marathi_scraper\marathi_scraper\.venv\Lib\site-packages\scrapy\core\spidermw.py", line 111, in _evaluate_iterable
    exception_result: MutableAsyncChain[_T] = self._process_spider_exception(
                                              ^^^^^^^^^^^^^^^^^^^^^^^^^^^^^^^
  File "C:\Users\saket\Downloads\marathi_scraper\marathi_scraper\.venv\Lib\site-packages\scrapy\core\spidermw.py", line 150, in _process_spider_exception
    raise exception
  File "C:\Users\saket\Downloads\marathi_scraper\marathi_scraper\.venv\Lib\site-packages\scrapy\core\spidermw.py", line 108, in _evaluate_iterable
    async for r in iterable:
  File "C:\Users\saket\Downloads\marathi_scraper\marathi_scraper\.venv\Lib\site-packages\scrapy\utils\decorators.py", line 152, in asyncgen_inner
    async for item in func(*args, **kwargs):
  File "C:\Users\saket\Downloads\marathi_scraper\marathi_scraper\.venv\Lib\site-packages\scrapy\spidermiddlewares\base.py", line 67, in process_spider_output_async
    async for o in result:
  File "C:\Users\saket\Downloads\marathi_scraper\marathi_scraper\.venv\Lib\site-packages\scrapy\core\spidermw.py", line 111, in _evaluate_iterable
    exception_result: MutableAsyncChain[_T] = self._process_spider_exception(
                                              ^^^^^^^^^^^^^^^^^^^^^^^^^^^^^^^
  File "C:\Users\saket\Downloads\marathi_scraper\marathi_scraper\.venv\Lib\site-packages\scrapy\core\spidermw.py", line 150, in _process_spider_exception
    raise exception
  File "C:\Users\saket\Downloads\marathi_scraper\marathi_scraper\.venv\Lib\site-packages\scrapy\core\spidermw.py", line 108, in _evaluate_iterable
    async for r in iterable:
  File "C:\Users\saket\Downloads\marathi_scraper\marathi_scraper\.venv\Lib\site-packages\scrapy\utils\decorators.py", line 152, in asyncgen_inner
    async for item in func(*args, **kwargs):
  File "C:\Users\saket\Downloads\marathi_scraper\marathi_scraper\.venv\Lib\site-packages\scrapy\spidermiddlewares\base.py", line 67, in process_spider_output_async
    async for o in result:
  File "C:\Users\saket\Downloads\marathi_scraper\marathi_scraper\.venv\Lib\site-packages\scrapy\core\spidermw.py", line 111, in _evaluate_iterable
    exception_result: MutableAsyncChain[_T] = self._process_spider_exception(
                                              ^^^^^^^^^^^^^^^^^^^^^^^^^^^^^^^
  File "C:\Users\saket\Downloads\marathi_scraper\marathi_scraper\.venv\Lib\site-packages\scrapy\core\spidermw.py", line 150, in _process_spider_exception
    raise exception
  File "C:\Users\saket\Downloads\marathi_scraper\marathi_scraper\.venv\Lib\site-packages\scrapy\core\spidermw.py", line 108, in _evaluate_iterable
    async for r in iterable:
  File "C:\Users\saket\Downloads\marathi_scraper\marathi_scraper\.venv\Lib\site-packages\scrapy\utils\decorators.py", line 152, in asyncgen_inner
    async for item in func(*args, **kwargs):
  File "C:\Users\saket\Downloads\marathi_scraper\marathi_scraper\.venv\Lib\site-packages\scrapy\spidermiddlewares\depth.py", line 97, in process_spider_output_async
    async for o in super().process_spider_output_async(response, result):
  File "C:\Users\saket\Downloads\marathi_scraper\marathi_scraper\.venv\Lib\site-packages\scrapy\utils\decorators.py", line 152, in asyncgen_inner
    async for item in func(*args, **kwargs):
  File "C:\Users\saket\Downloads\marathi_scraper\marathi_scraper\.venv\Lib\site-packages\scrapy\spidermiddlewares\base.py", line 67, in process_spider_output_async
    async for o in result:
  File "C:\Users\saket\Downloads\marathi_scraper\marathi_scraper\.venv\Lib\site-packages\scrapy\core\spidermw.py", line 111, in _evaluate_iterable
    exception_result: MutableAsyncChain[_T] = self._process_spider_exception(
                                              ^^^^^^^^^^^^^^^^^^^^^^^^^^^^^^^
  File "C:\Users\saket\Downloads\marathi_scraper\marathi_scraper\.venv\Lib\site-packages\scrapy\core\spidermw.py", line 150, in _process_spider_exception
    raise exception
  File "C:\Users\saket\Downloads\marathi_scraper\marathi_scraper\.venv\Lib\site-packages\scrapy\core\spidermw.py", line 108, in _evaluate_iterable
    async for r in iterable:
  File "C:\Users\saket\Downloads\marathi_scraper\marathi_scraper\.venv\Lib\site-packages\scrapy\utils\decorators.py", line 152, in asyncgen_inner
    async for item in func(*args, **kwargs):
  File "C:\Users\saket\Downloads\marathi_scraper\marathi_scraper\.venv\Lib\site-packages\scrapy\spidermiddlewares\base.py", line 67, in process_spider_output_async
    async for o in result:
  File "C:\Users\saket\Downloads\marathi_scraper\marathi_scraper\.venv\Lib\site-packages\scrapy\core\spidermw.py", line 111, in _evaluate_iterable
    exception_result: MutableAsyncChain[_T] = self._process_spider_exception(
                                              ^^^^^^^^^^^^^^^^^^^^^^^^^^^^^^^
  File "C:\Users\saket\Downloads\marathi_scraper\marathi_scraper\.venv\Lib\site-packages\scrapy\core\spidermw.py", line 150, in _process_spider_exception
    raise exception
  File "C:\Users\saket\Downloads\marathi_scraper\marathi_scraper\.venv\Lib\site-packages\scrapy\core\spidermw.py", line 108, in _evaluate_iterable
    async for r in iterable:
  File "C:\Users\saket\Downloads\marathi_scraper\marathi_scraper\.venv\Lib\site-packages\scrapy\utils\asyncgen.py", line 21, in as_async_generator
    for r in it:
             ^^
  File "C:\Users\saket\Downloads\marathi_scraper\marathi_scraper\marathi_scraper\spiders\finance_spider.py", line 94, in parse_article
    item["canonical_url"] = (
    ~~~~^^^^^^^^^^^^^^^^^
  File "C:\Users\saket\Downloads\marathi_scraper\marathi_scraper\.venv\Lib\site-packages\scrapy\item.py", line 121, in __setitem__
    raise KeyError(f"{self.__class__.__name__} does not support field: {key}")
KeyError: 'ArticleItem does not support field: canonical_url'
2026-09-10 18:29:07 [scrapy.core.scraper] ERROR: Spider error processing <GET https://marathifinance.blog/pc-jeweller-share-price-34-percent-rise-debt-free/> (referer: https://marathifinance.blog/)
Traceback (most recent call last):
  File "C:\Users\saket\Downloads\marathi_scraper\marathi_scraper\.venv\Lib\site-packages\scrapy\utils\defer.py", line 373, in aiter_errback
    yield await anext(it)
          ^^^^^^^^^^^^^^^
  File "C:\Users\saket\Downloads\marathi_scraper\marathi_scraper\.venv\Lib\site-packages\scrapy\utils\python.py", line 366, in __anext__
    return await self.data.__anext__()
           ^^^^^^^^^^^^^^^^^^^^^^^^^^^
  File "C:\Users\saket\Downloads\marathi_scraper\marathi_scraper\.venv\Lib\site-packages\scrapy\utils\python.py", line 347, in _async_chain
    async for o in as_async_generator(it):
  File "C:\Users\saket\Downloads\marathi_scraper\marathi_scraper\.venv\Lib\site-packages\scrapy\utils\asyncgen.py", line 18, in as_async_generator
    async for r in it:
  File "C:\Users\saket\Downloads\marathi_scraper\marathi_scraper\.venv\Lib\site-packages\scrapy\utils\python.py", line 366, in __anext__
    return await self.data.__anext__()
           ^^^^^^^^^^^^^^^^^^^^^^^^^^^
  File "C:\Users\saket\Downloads\marathi_scraper\marathi_scraper\.venv\Lib\site-packages\scrapy\utils\python.py", line 347, in _async_chain
    async for o in as_async_generator(it):
  File "C:\Users\saket\Downloads\marathi_scraper\marathi_scraper\.venv\Lib\site-packages\scrapy\utils\asyncgen.py", line 18, in as_async_generator
    async for r in it:
  File "C:\Users\saket\Downloads\marathi_scraper\marathi_scraper\.venv\Lib\site-packages\scrapy\core\spidermw.py", line 111, in _evaluate_iterable
    exception_result: MutableAsyncChain[_T] = self._process_spider_exception(
                                              ^^^^^^^^^^^^^^^^^^^^^^^^^^^^^^^
  File "C:\Users\saket\Downloads\marathi_scraper\marathi_scraper\.venv\Lib\site-packages\scrapy\core\spidermw.py", line 150, in _process_spider_exception
    raise exception
  File "C:\Users\saket\Downloads\marathi_scraper\marathi_scraper\.venv\Lib\site-packages\scrapy\core\spidermw.py", line 108, in _evaluate_iterable
    async for r in iterable:
  File "C:\Users\saket\Downloads\marathi_scraper\marathi_scraper\.venv\Lib\site-packages\scrapy\utils\decorators.py", line 152, in asyncgen_inner
    async for item in func(*args, **kwargs):
  File "C:\Users\saket\Downloads\marathi_scraper\marathi_scraper\.venv\Lib\site-packages\scrapy\spidermiddlewares\base.py", line 67, in process_spider_output_async
    async for o in result:
  File "C:\Users\saket\Downloads\marathi_scraper\marathi_scraper\.venv\Lib\site-packages\scrapy\core\spidermw.py", line 111, in _evaluate_iterable
    exception_result: MutableAsyncChain[_T] = self._process_spider_exception(
                                              ^^^^^^^^^^^^^^^^^^^^^^^^^^^^^^^
  File "C:\Users\saket\Downloads\marathi_scraper\marathi_scraper\.venv\Lib\site-packages\scrapy\core\spidermw.py", line 150, in _process_spider_exception
    raise exception
  File "C:\Users\saket\Downloads\marathi_scraper\marathi_scraper\.venv\Lib\site-packages\scrapy\core\spidermw.py", line 108, in _evaluate_iterable
    async for r in iterable:
  File "C:\Users\saket\Downloads\marathi_scraper\marathi_scraper\.venv\Lib\site-packages\scrapy\utils\decorators.py", line 152, in asyncgen_inner
    async for item in func(*args, **kwargs):
  File "C:\Users\saket\Downloads\marathi_scraper\marathi_scraper\.venv\Lib\site-packages\scrapy\spidermiddlewares\base.py", line 67, in process_spider_output_async
    async for o in result:
  File "C:\Users\saket\Downloads\marathi_scraper\marathi_scraper\.venv\Lib\site-packages\scrapy\core\spidermw.py", line 111, in _evaluate_iterable
    exception_result: MutableAsyncChain[_T] = self._process_spider_exception(
                                              ^^^^^^^^^^^^^^^^^^^^^^^^^^^^^^^
  File "C:\Users\saket\Downloads\marathi_scraper\marathi_scraper\.venv\Lib\site-packages\scrapy\core\spidermw.py", line 150, in _process_spider_exception
    raise exception
  File "C:\Users\saket\Downloads\marathi_scraper\marathi_scraper\.venv\Lib\site-packages\scrapy\core\spidermw.py", line 108, in _evaluate_iterable
    async for r in iterable:
  File "C:\Users\saket\Downloads\marathi_scraper\marathi_scraper\.venv\Lib\site-packages\scrapy\utils\decorators.py", line 152, in asyncgen_inner
    async for item in func(*args, **kwargs):
  File "C:\Users\saket\Downloads\marathi_scraper\marathi_scraper\.venv\Lib\site-packages\scrapy\spidermiddlewares\base.py", line 67, in process_spider_output_async
    async for o in result:
  File "C:\Users\saket\Downloads\marathi_scraper\marathi_scraper\.venv\Lib\site-packages\scrapy\core\spidermw.py", line 111, in _evaluate_iterable
    exception_result: MutableAsyncChain[_T] = self._process_spider_exception(
                                              ^^^^^^^^^^^^^^^^^^^^^^^^^^^^^^^
  File "C:\Users\saket\Downloads\marathi_scraper\marathi_scraper\.venv\Lib\site-packages\scrapy\core\spidermw.py", line 150, in _process_spider_exception
    raise exception
  File "C:\Users\saket\Downloads\marathi_scraper\marathi_scraper\.venv\Lib\site-packages\scrapy\core\spidermw.py", line 108, in _evaluate_iterable
    async for r in iterable:
  File "C:\Users\saket\Downloads\marathi_scraper\marathi_scraper\.venv\Lib\site-packages\scrapy\utils\decorators.py", line 152, in asyncgen_inner
    async for item in func(*args, **kwargs):
  File "C:\Users\saket\Downloads\marathi_scraper\marathi_scraper\.venv\Lib\site-packages\scrapy\spidermiddlewares\depth.py", line 97, in process_spider_output_async
    async for o in super().process_spider_output_async(response, result):
  File "C:\Users\saket\Downloads\marathi_scraper\marathi_scraper\.venv\Lib\site-packages\scrapy\utils\decorators.py", line 152, in asyncgen_inner
    async for item in func(*args, **kwargs):
  File "C:\Users\saket\Downloads\marathi_scraper\marathi_scraper\.venv\Lib\site-packages\scrapy\spidermiddlewares\base.py", line 67, in process_spider_output_async
    async for o in result:
  File "C:\Users\saket\Downloads\marathi_scraper\marathi_scraper\.venv\Lib\site-packages\scrapy\core\spidermw.py", line 111, in _evaluate_iterable
    exception_result: MutableAsyncChain[_T] = self._process_spider_exception(
                                              ^^^^^^^^^^^^^^^^^^^^^^^^^^^^^^^
  File "C:\Users\saket\Downloads\marathi_scraper\marathi_scraper\.venv\Lib\site-packages\scrapy\core\spidermw.py", line 150, in _process_spider_exception
    raise exception
  File "C:\Users\saket\Downloads\marathi_scraper\marathi_scraper\.venv\Lib\site-packages\scrapy\core\spidermw.py", line 108, in _evaluate_iterable
    async for r in iterable:
  File "C:\Users\saket\Downloads\marathi_scraper\marathi_scraper\.venv\Lib\site-packages\scrapy\utils\decorators.py", line 152, in asyncgen_inner
    async for item in func(*args, **kwargs):
  File "C:\Users\saket\Downloads\marathi_scraper\marathi_scraper\.venv\Lib\site-packages\scrapy\spidermiddlewares\base.py", line 67, in process_spider_output_async
    async for o in result:
  File "C:\Users\saket\Downloads\marathi_scraper\marathi_scraper\.venv\Lib\site-packages\scrapy\core\spidermw.py", line 111, in _evaluate_iterable
    exception_result: MutableAsyncChain[_T] = self._process_spider_exception(
                                              ^^^^^^^^^^^^^^^^^^^^^^^^^^^^^^^
  File "C:\Users\saket\Downloads\marathi_scraper\marathi_scraper\.venv\Lib\site-packages\scrapy\core\spidermw.py", line 150, in _process_spider_exception
    raise exception
  File "C:\Users\saket\Downloads\marathi_scraper\marathi_scraper\.venv\Lib\site-packages\scrapy\core\spidermw.py", line 108, in _evaluate_iterable
    async for r in iterable:
  File "C:\Users\saket\Downloads\marathi_scraper\marathi_scraper\.venv\Lib\site-packages\scrapy\utils\asyncgen.py", line 21, in as_async_generator
    for r in it:
             ^^
  File "C:\Users\saket\Downloads\marathi_scraper\marathi_scraper\marathi_scraper\spiders\finance_spider.py", line 94, in parse_article
    item["canonical_url"] = (
    ~~~~^^^^^^^^^^^^^^^^^
  File "C:\Users\saket\Downloads\marathi_scraper\marathi_scraper\.venv\Lib\site-packages\scrapy\item.py", line 121, in __setitem__
    raise KeyError(f"{self.__class__.__name__} does not support field: {key}")
KeyError: 'ArticleItem does not support field: canonical_url'
2026-09-10 18:29:09 [scrapy.core.scraper] ERROR: Spider error processing <GET https://marathifinance.blog/share-market-10-best-days-missed-sensex-data/> (referer: https://marathifinance.blog/)
Traceback (most recent call last):
  File "C:\Users\saket\Downloads\marathi_scraper\marathi_scraper\.venv\Lib\site-packages\scrapy\utils\defer.py", line 373, in aiter_errback
    yield await anext(it)
          ^^^^^^^^^^^^^^^
  File "C:\Users\saket\Downloads\marathi_scraper\marathi_scraper\.venv\Lib\site-packages\scrapy\utils\python.py", line 366, in __anext__
    return await self.data.__anext__()
           ^^^^^^^^^^^^^^^^^^^^^^^^^^^
  File "C:\Users\saket\Downloads\marathi_scraper\marathi_scraper\.venv\Lib\site-packages\scrapy\utils\python.py", line 347, in _async_chain
    async for o in as_async_generator(it):
  File "C:\Users\saket\Downloads\marathi_scraper\marathi_scraper\.venv\Lib\site-packages\scrapy\utils\asyncgen.py", line 18, in as_async_generator
    async for r in it:
  File "C:\Users\saket\Downloads\marathi_scraper\marathi_scraper\.venv\Lib\site-packages\scrapy\utils\python.py", line 366, in __anext__
    return await self.data.__anext__()
           ^^^^^^^^^^^^^^^^^^^^^^^^^^^
  File "C:\Users\saket\Downloads\marathi_scraper\marathi_scraper\.venv\Lib\site-packages\scrapy\utils\python.py", line 347, in _async_chain
    async for o in as_async_generator(it):
  File "C:\Users\saket\Downloads\marathi_scraper\marathi_scraper\.venv\Lib\site-packages\scrapy\utils\asyncgen.py", line 18, in as_async_generator
    async for r in it:
  File "C:\Users\saket\Downloads\marathi_scraper\marathi_scraper\.venv\Lib\site-packages\scrapy\core\spidermw.py", line 111, in _evaluate_iterable
    exception_result: MutableAsyncChain[_T] = self._process_spider_exception(
                                              ^^^^^^^^^^^^^^^^^^^^^^^^^^^^^^^
  File "C:\Users\saket\Downloads\marathi_scraper\marathi_scraper\.venv\Lib\site-packages\scrapy\core\spidermw.py", line 150, in _process_spider_exception
    raise exception
  File "C:\Users\saket\Downloads\marathi_scraper\marathi_scraper\.venv\Lib\site-packages\scrapy\core\spidermw.py", line 108, in _evaluate_iterable
    async for r in iterable:
  File "C:\Users\saket\Downloads\marathi_scraper\marathi_scraper\.venv\Lib\site-packages\scrapy\utils\decorators.py", line 152, in asyncgen_inner
    async for item in func(*args, **kwargs):
  File "C:\Users\saket\Downloads\marathi_scraper\marathi_scraper\.venv\Lib\site-packages\scrapy\spidermiddlewares\base.py", line 67, in process_spider_output_async
    async for o in result:
  File "C:\Users\saket\Downloads\marathi_scraper\marathi_scraper\.venv\Lib\site-packages\scrapy\core\spidermw.py", line 111, in _evaluate_iterable
    exception_result: MutableAsyncChain[_T] = self._process_spider_exception(
                                              ^^^^^^^^^^^^^^^^^^^^^^^^^^^^^^^
  File "C:\Users\saket\Downloads\marathi_scraper\marathi_scraper\.venv\Lib\site-packages\scrapy\core\spidermw.py", line 150, in _process_spider_exception
    raise exception
  File "C:\Users\saket\Downloads\marathi_scraper\marathi_scraper\.venv\Lib\site-packages\scrapy\core\spidermw.py", line 108, in _evaluate_iterable
    async for r in iterable:
  File "C:\Users\saket\Downloads\marathi_scraper\marathi_scraper\.venv\Lib\site-packages\scrapy\utils\decorators.py", line 152, in asyncgen_inner
    async for item in func(*args, **kwargs):
  File "C:\Users\saket\Downloads\marathi_scraper\marathi_scraper\.venv\Lib\site-packages\scrapy\spidermiddlewares\base.py", line 67, in process_spider_output_async
    async for o in result:
  File "C:\Users\saket\Downloads\marathi_scraper\marathi_scraper\.venv\Lib\site-packages\scrapy\core\spidermw.py", line 111, in _evaluate_iterable
    exception_result: MutableAsyncChain[_T] = self._process_spider_exception(
                                              ^^^^^^^^^^^^^^^^^^^^^^^^^^^^^^^
  File "C:\Users\saket\Downloads\marathi_scraper\marathi_scraper\.venv\Lib\site-packages\scrapy\core\spidermw.py", line 150, in _process_spider_exception
    raise exception
  File "C:\Users\saket\Downloads\marathi_scraper\marathi_scraper\.venv\Lib\site-packages\scrapy\core\spidermw.py", line 108, in _evaluate_iterable
    async for r in iterable:
  File "C:\Users\saket\Downloads\marathi_scraper\marathi_scraper\.venv\Lib\site-packages\scrapy\utils\decorators.py", line 152, in asyncgen_inner
    async for item in func(*args, **kwargs):
  File "C:\Users\saket\Downloads\marathi_scraper\marathi_scraper\.venv\Lib\site-packages\scrapy\spidermiddlewares\base.py", line 67, in process_spider_output_async
    async for o in result:
  File "C:\Users\saket\Downloads\marathi_scraper\marathi_scraper\.venv\Lib\site-packages\scrapy\core\spidermw.py", line 111, in _evaluate_iterable
    exception_result: MutableAsyncChain[_T] = self._process_spider_exception(
                                              ^^^^^^^^^^^^^^^^^^^^^^^^^^^^^^^
  File "C:\Users\saket\Downloads\marathi_scraper\marathi_scraper\.venv\Lib\site-packages\scrapy\core\spidermw.py", line 150, in _process_spider_exception
    raise exception
  File "C:\Users\saket\Downloads\marathi_scraper\marathi_scraper\.venv\Lib\site-packages\scrapy\core\spidermw.py", line 108, in _evaluate_iterable
    async for r in iterable:
  File "C:\Users\saket\Downloads\marathi_scraper\marathi_scraper\.venv\Lib\site-packages\scrapy\utils\decorators.py", line 152, in asyncgen_inner
    async for item in func(*args, **kwargs):
  File "C:\Users\saket\Downloads\marathi_scraper\marathi_scraper\.venv\Lib\site-packages\scrapy\spidermiddlewares\depth.py", line 97, in process_spider_output_async
    async for o in super().process_spider_output_async(response, result):
  File "C:\Users\saket\Downloads\marathi_scraper\marathi_scraper\.venv\Lib\site-packages\scrapy\utils\decorators.py", line 152, in asyncgen_inner
    async for item in func(*args, **kwargs):
  File "C:\Users\saket\Downloads\marathi_scraper\marathi_scraper\.venv\Lib\site-packages\scrapy\spidermiddlewares\base.py", line 67, in process_spider_output_async
    async for o in result:
  File "C:\Users\saket\Downloads\marathi_scraper\marathi_scraper\.venv\Lib\site-packages\scrapy\core\spidermw.py", line 111, in _evaluate_iterable
    exception_result: MutableAsyncChain[_T] = self._process_spider_exception(
                                              ^^^^^^^^^^^^^^^^^^^^^^^^^^^^^^^
  File "C:\Users\saket\Downloads\marathi_scraper\marathi_scraper\.venv\Lib\site-packages\scrapy\core\spidermw.py", line 150, in _process_spider_exception
    raise exception
  File "C:\Users\saket\Downloads\marathi_scraper\marathi_scraper\.venv\Lib\site-packages\scrapy\core\spidermw.py", line 108, in _evaluate_iterable
    async for r in iterable:
  File "C:\Users\saket\Downloads\marathi_scraper\marathi_scraper\.venv\Lib\site-packages\scrapy\utils\decorators.py", line 152, in asyncgen_inner
    async for item in func(*args, **kwargs):
  File "C:\Users\saket\Downloads\marathi_scraper\marathi_scraper\.venv\Lib\site-packages\scrapy\spidermiddlewares\base.py", line 67, in process_spider_output_async
    async for o in result:
  File "C:\Users\saket\Downloads\marathi_scraper\marathi_scraper\.venv\Lib\site-packages\scrapy\core\spidermw.py", line 111, in _evaluate_iterable
    exception_result: MutableAsyncChain[_T] = self._process_spider_exception(
                                              ^^^^^^^^^^^^^^^^^^^^^^^^^^^^^^^
  File "C:\Users\saket\Downloads\marathi_scraper\marathi_scraper\.venv\Lib\site-packages\scrapy\core\spidermw.py", line 150, in _process_spider_exception
    raise exception
  File "C:\Users\saket\Downloads\marathi_scraper\marathi_scraper\.venv\Lib\site-packages\scrapy\core\spidermw.py", line 108, in _evaluate_iterable
    async for r in iterable:
  File "C:\Users\saket\Downloads\marathi_scraper\marathi_scraper\.venv\Lib\site-packages\scrapy\utils\asyncgen.py", line 21, in as_async_generator
    for r in it:
             ^^
  File "C:\Users\saket\Downloads\marathi_scraper\marathi_scraper\marathi_scraper\spiders\finance_spider.py", line 94, in parse_article
    item["canonical_url"] = (
    ~~~~^^^^^^^^^^^^^^^^^
  File "C:\Users\saket\Downloads\marathi_scraper\marathi_scraper\.venv\Lib\site-packages\scrapy\item.py", line 121, in __setitem__
    raise KeyError(f"{self.__class__.__name__} does not support field: {key}")
KeyError: 'ArticleItem does not support field: canonical_url'
2026-09-10 18:29:09 [scrapy.core.engine] INFO: Closing spider (finished)
2026-09-10 18:29:09 [finance_spider] INFO: spider finished — auto-triggering stage 2 (clean/dedup/export)
2026-09-10 18:29:09 [clean_corpus] ERROR: stage2 failed for run 20260910T125909Z-5128ded0; raw input was left in place and dedup state was not committed
Traceback (most recent call last):
  File "C:\Users\saket\Downloads\marathi_scraper\marathi_scraper\corpus_cleaner\clean_corpus.py", line 147, in run
    raise ValueError(
ValueError: upload=True requires a non-empty S3 bucket
2026-09-10 18:29:09 [finance_spider] ERROR: stage 2 failed; raw JSONL was retained. Run corpus_cleaner manually to retry.
Traceback (most recent call last):
  File "C:\Users\saket\Downloads\marathi_scraper\marathi_scraper\marathi_scraper\extensions.py", line 62, in spider_closed
    stats = run_stage2(
            ^^^^^^^^^^^
  File "C:\Users\saket\Downloads\marathi_scraper\marathi_scraper\corpus_cleaner\clean_corpus.py", line 147, in run
    raise ValueError(
ValueError: upload=True requires a non-empty S3 bucket
2026-09-10 18:29:09 [scrapy.statscollectors] INFO: Dumping Scrapy stats:
{'downloader/request_bytes': 5174,
 'downloader/request_count': 16,
 'downloader/request_method_count/GET': 16,
 'downloader/response_bytes': 627926,
 'downloader/response_count': 16,
 'downloader/response_status_count/200': 16,
 'dupefilter/filtered': 18,
 'elapsed_time_seconds': 19.312999999998283,
 'finish_reason': 'finished',
 'finish_time': datetime.datetime(2026, 9, 10, 12, 59, 9, 25340, tzinfo=datetime.timezone.utc),
 'httpcompression/response_bytes': 2346925,
 'httpcompression/response_count': 16,
 'items_per_minute': 0.0,
 'log_count/ERROR': 14,
 'log_count/INFO': 3,
 'request_depth_max': 1,
 'response_received_count': 16,
 'responses_per_minute': 50.526315789473685,
 'robotstxt/request_count': 1,
 'robotstxt/response_count': 1,
 'robotstxt/response_status_count/200': 1,
 'scheduler/dequeued': 15,
 'scheduler/dequeued/disk': 15,
 'scheduler/enqueued': 15,
 'scheduler/enqueued/disk': 15,
 'spider_exceptions/KeyError': 14,
 'spider_exceptions/count': 14,
 'start_time': datetime.datetime(2026, 9, 10, 12, 58, 49, 713241, tzinfo=datetime.timezone.utc)}
2026-09-10 18:29:09 [scrapy.core.engine] INFO: Spider closed (finished)
2026-09-10 18:38:17 [scrapy.utils.log] INFO: Scrapy 2.18.0 started (bot: marathi_scraper)
2026-09-10 18:38:17 [scrapy.utils.log] INFO: Versions:
{'lxml': '6.1.3',
 'libxml2': '2.11.9',
 'cssselect': '1.5.0',
 'parsel': '1.11.0',
 'w3lib': '2.4.1',
 'Twisted': '26.4.0',
 'Python': '3.12.10 (tags/v3.12.10:0cc8128, Apr  8 2025, 12:21:36) [MSC v.1943 '
           '64 bit (AMD64)]',
 'pyOpenSSL': '26.4.0 (OpenSSL 4.0.2 25 Aug 2026)',
 'cryptography': '50.0.1',
 'Platform': 'Windows-11-10.0.26200-SP0'}
2026-09-10 18:38:17 [finance_spider] INFO: Loaded 1 enabled source(s)
2026-09-10 18:38:17 [scrapy.addons] INFO: Enabled addons:
[]
2026-09-10 18:38:17 [scrapy.extensions.telnet] INFO: Telnet Password: 25cc727550b4a223
2026-09-10 18:38:17 [scrapy.middleware] INFO: Enabled extensions:
['scrapy.extensions.corestats.CoreStats',
 'scrapy.extensions.logcount.LogCount',
 'scrapy.extensions.telnet.TelnetConsole',
 'scrapy.extensions.logstats.LogStats',
 'scrapy.extensions.spiderstate.SpiderState',
 'scrapy.extensions.throttle.AutoThrottle',
 'marathi_scraper.extensions.AutoCleanExtension']
2026-09-10 18:38:17 [scrapy.crawler] INFO: Overridden settings:
{'AUTOTHROTTLE_ENABLED': True,
 'AUTOTHROTTLE_MAX_DELAY': 10.0,
 'AUTOTHROTTLE_START_DELAY': 1.0,
 'AUTOTHROTTLE_TARGET_CONCURRENCY': 2.0,
 'BOT_NAME': 'marathi_scraper',
 'CONCURRENT_REQUESTS_PER_DOMAIN': 4,
 'DOWNLOAD_DELAY': 1.0,
 'FEED_EXPORT_ENCODING': 'utf-8',
 'JOBDIR': 'local/crawl_state/finance_spider',
 'LOG_FILE': 'crawl.log',
 'LOG_LEVEL': 'INFO',
 'NEWSPIDER_MODULE': 'marathi_scraper.spiders',
 'ROBOTSTXT_OBEY': True,
 'SPIDER_MODULES': ['marathi_scraper.spiders'],
 'USER_AGENT': 'MarathiFinCorpusBot/1.0 (+contact: replace-with-real-contact)'}
2026-09-10 18:38:17 [scrapy.middleware] INFO: Enabled downloader middlewares:
['scrapy.downloadermiddlewares.offsite.OffsiteMiddleware',
 'scrapy.downloadermiddlewares.robotstxt.RobotsTxtMiddleware',
 'scrapy.downloadermiddlewares.httpauth.HttpAuthMiddleware',
 'scrapy.downloadermiddlewares.downloadtimeout.DownloadTimeoutMiddleware',
 'scrapy.downloadermiddlewares.defaultheaders.DefaultHeadersMiddleware',
 'scrapy.downloadermiddlewares.useragent.UserAgentMiddleware',
 'scrapy.downloadermiddlewares.retry.RetryMiddleware',
 'scrapy.downloadermiddlewares.redirect.MetaRefreshMiddleware',
 'scrapy.downloadermiddlewares.httpcompression.HttpCompressionMiddleware',
 'scrapy.downloadermiddlewares.redirect.RedirectMiddleware',
 'scrapy.downloadermiddlewares.cookies.CookiesMiddleware',
 'scrapy.downloadermiddlewares.httpproxy.HttpProxyMiddleware',
 'scrapy.downloadermiddlewares.stats.DownloaderStats']
2026-09-10 18:38:17 [scrapy.middleware] INFO: Enabled spider middlewares:
['scrapy.spidermiddlewares.start.StartSpiderMiddleware',
 'scrapy.spidermiddlewares.httperror.HttpErrorMiddleware',
 'scrapy.spidermiddlewares.referer.RefererMiddleware',
 'scrapy.spidermiddlewares.urllength.UrlLengthMiddleware',
 'scrapy.spidermiddlewares.depth.DepthMiddleware',
 'scrapy.spidermiddlewares.metacopy.MetaCopyDetectionMiddleware']
2026-09-10 18:38:18 [scrapy.middleware] INFO: Enabled item pipelines:
['marathi_scraper.pipelines.ExtractPipeline',
 'marathi_scraper.pipelines.FilterPipeline',
 'marathi_scraper.pipelines.LocalJsonlPipeline']
2026-09-10 18:38:18 [py.warnings] WARNING: C:\Users\saket\Downloads\marathi_scraper\marathi_scraper\.venv\Lib\site-packages\scrapy\pipelines\__init__.py:66: ScrapyDeprecationWarning: ExtractPipeline.process_item() requires a spider argument, this is deprecated and the argument will not be passed in future Scrapy versions. If you need to access the spider instance you can save the crawler instance passed to from_crawler() and use its spider attribute.
  self._check_mw_method_spider_arg(mw.process_item)

2026-09-10 18:38:18 [py.warnings] WARNING: C:\Users\saket\Downloads\marathi_scraper\marathi_scraper\.venv\Lib\site-packages\scrapy\pipelines\__init__.py:66: ScrapyDeprecationWarning: FilterPipeline.process_item() requires a spider argument, this is deprecated and the argument will not be passed in future Scrapy versions. If you need to access the spider instance you can save the crawler instance passed to from_crawler() and use its spider attribute.
  self._check_mw_method_spider_arg(mw.process_item)

2026-09-10 18:38:18 [py.warnings] WARNING: C:\Users\saket\Downloads\marathi_scraper\marathi_scraper\.venv\Lib\site-packages\scrapy\pipelines\__init__.py:60: ScrapyDeprecationWarning: LocalJsonlPipeline.open_spider() requires a spider argument, this is deprecated and the argument will not be passed in future Scrapy versions. If you need to access the spider instance you can save the crawler instance passed to from_crawler() and use its spider attribute.
  self._check_mw_method_spider_arg(mw.open_spider)

2026-09-10 18:38:18 [py.warnings] WARNING: C:\Users\saket\Downloads\marathi_scraper\marathi_scraper\.venv\Lib\site-packages\scrapy\pipelines\__init__.py:63: ScrapyDeprecationWarning: LocalJsonlPipeline.close_spider() requires a spider argument, this is deprecated and the argument will not be passed in future Scrapy versions. If you need to access the spider instance you can save the crawler instance passed to from_crawler() and use its spider attribute.
  self._check_mw_method_spider_arg(mw.close_spider)

2026-09-10 18:38:18 [py.warnings] WARNING: C:\Users\saket\Downloads\marathi_scraper\marathi_scraper\.venv\Lib\site-packages\scrapy\pipelines\__init__.py:66: ScrapyDeprecationWarning: LocalJsonlPipeline.process_item() requires a spider argument, this is deprecated and the argument will not be passed in future Scrapy versions. If you need to access the spider instance you can save the crawler instance passed to from_crawler() and use its spider attribute.
  self._check_mw_method_spider_arg(mw.process_item)

2026-09-10 18:38:18 [scrapy.core.engine] INFO: Spider opened
2026-09-10 18:38:18 [scrapy.extensions.logstats] INFO: Crawled 0 pages (at 0 pages/min), scraped 0 items (at 0 items/min)
2026-09-10 18:38:18 [scrapy.extensions.telnet] INFO: Telnet console listening on 127.0.0.1:6023
2026-09-10 18:38:18 [scrapy.core.engine] INFO: Closing spider (finished)
2026-09-10 18:38:20 [finance_spider] INFO: spider finished — auto-triggering stage 2 (clean/dedup/export)
2026-09-10 18:38:20 [clean_corpus] ERROR: stage2 failed for run 20260910T130820Z-33c8d17f; raw input was left in place and dedup state was not committed
Traceback (most recent call last):
  File "C:\Users\saket\Downloads\marathi_scraper\marathi_scraper\corpus_cleaner\clean_corpus.py", line 147, in run
    raise ValueError(
ValueError: upload=True requires a non-empty S3 bucket
2026-09-10 18:38:20 [finance_spider] ERROR: stage 2 failed; raw JSONL was retained. Run corpus_cleaner manually to retry.
Traceback (most recent call last):
  File "C:\Users\saket\Downloads\marathi_scraper\marathi_scraper\marathi_scraper\extensions.py", line 62, in spider_closed
    stats = run_stage2(
            ^^^^^^^^^^^
  File "C:\Users\saket\Downloads\marathi_scraper\marathi_scraper\corpus_cleaner\clean_corpus.py", line 147, in run
    raise ValueError(
ValueError: upload=True requires a non-empty S3 bucket
2026-09-10 18:38:20 [scrapy.statscollectors] INFO: Dumping Scrapy stats:
{'dupefilter/filtered': 1,
 'elapsed_time_seconds': 0.01600000000325963,
 'finish_reason': 'finished',
 'finish_time': datetime.datetime(2026, 9, 10, 13, 8, 18, 764534, tzinfo=datetime.timezone.utc),
 'items_per_minute': None,
 'log_count/INFO': 3,
 'responses_per_minute': None,
 'start_time': datetime.datetime(2026, 9, 10, 13, 8, 18, 759537, tzinfo=datetime.timezone.utc)}
2026-09-10 18:38:20 [scrapy.core.engine] INFO: Spider closed (finished)
2026-09-10 18:38:43 [scrapy.utils.log] INFO: Scrapy 2.18.0 started (bot: marathi_scraper)
2026-09-10 18:38:44 [scrapy.utils.log] INFO: Versions:
{'lxml': '6.1.3',
 'libxml2': '2.11.9',
 'cssselect': '1.5.0',
 'parsel': '1.11.0',
 'w3lib': '2.4.1',
 'Twisted': '26.4.0',
 'Python': '3.12.10 (tags/v3.12.10:0cc8128, Apr  8 2025, 12:21:36) [MSC v.1943 '
           '64 bit (AMD64)]',
 'pyOpenSSL': '26.4.0 (OpenSSL 4.0.2 25 Aug 2026)',
 'cryptography': '50.0.1',
 'Platform': 'Windows-11-10.0.26200-SP0'}
2026-09-10 18:38:44 [finance_spider] INFO: Loaded 1 enabled source(s)
2026-09-10 18:38:44 [scrapy.addons] INFO: Enabled addons:
[]
2026-09-10 18:38:44 [scrapy.extensions.telnet] INFO: Telnet Password: e829c42e7e42b93c
2026-09-10 18:38:44 [scrapy.middleware] INFO: Enabled extensions:
['scrapy.extensions.corestats.CoreStats',
 'scrapy.extensions.logcount.LogCount',
 'scrapy.extensions.telnet.TelnetConsole',
 'scrapy.extensions.feedexport.FeedExporter',
 'scrapy.extensions.logstats.LogStats',
 'scrapy.extensions.spiderstate.SpiderState',
 'scrapy.extensions.throttle.AutoThrottle',
 'marathi_scraper.extensions.AutoCleanExtension']
2026-09-10 18:38:44 [scrapy.crawler] INFO: Overridden settings:
{'AUTOTHROTTLE_ENABLED': True,
 'AUTOTHROTTLE_MAX_DELAY': 10.0,
 'AUTOTHROTTLE_START_DELAY': 1.0,
 'AUTOTHROTTLE_TARGET_CONCURRENCY': 2.0,
 'BOT_NAME': 'marathi_scraper',
 'CONCURRENT_REQUESTS_PER_DOMAIN': 4,
 'DOWNLOAD_DELAY': 1.0,
 'FEED_EXPORT_ENCODING': 'utf-8',
 'JOBDIR': 'local/crawl_state/finance_spider',
 'LOG_FILE': 'crawl.log',
 'LOG_LEVEL': 'INFO',
 'NEWSPIDER_MODULE': 'marathi_scraper.spiders',
 'ROBOTSTXT_OBEY': True,
 'SPIDER_MODULES': ['marathi_scraper.spiders'],
 'USER_AGENT': 'MarathiFinCorpusBot/1.0 (+contact: replace-with-real-contact)'}
2026-09-10 18:38:44 [scrapy.middleware] INFO: Enabled downloader middlewares:
['scrapy.downloadermiddlewares.offsite.OffsiteMiddleware',
 'scrapy.downloadermiddlewares.robotstxt.RobotsTxtMiddleware',
 'scrapy.downloadermiddlewares.httpauth.HttpAuthMiddleware',
 'scrapy.downloadermiddlewares.downloadtimeout.DownloadTimeoutMiddleware',
 'scrapy.downloadermiddlewares.defaultheaders.DefaultHeadersMiddleware',
 'scrapy.downloadermiddlewares.useragent.UserAgentMiddleware',
 'scrapy.downloadermiddlewares.retry.RetryMiddleware',
 'scrapy.downloadermiddlewares.redirect.MetaRefreshMiddleware',
 'scrapy.downloadermiddlewares.httpcompression.HttpCompressionMiddleware',
 'scrapy.downloadermiddlewares.redirect.RedirectMiddleware',
 'scrapy.downloadermiddlewares.cookies.CookiesMiddleware',
 'scrapy.downloadermiddlewares.httpproxy.HttpProxyMiddleware',
 'scrapy.downloadermiddlewares.stats.DownloaderStats']
2026-09-10 18:38:44 [scrapy.middleware] INFO: Enabled spider middlewares:
['scrapy.spidermiddlewares.start.StartSpiderMiddleware',
 'scrapy.spidermiddlewares.httperror.HttpErrorMiddleware',
 'scrapy.spidermiddlewares.referer.RefererMiddleware',
 'scrapy.spidermiddlewares.urllength.UrlLengthMiddleware',
 'scrapy.spidermiddlewares.depth.DepthMiddleware',
 'scrapy.spidermiddlewares.metacopy.MetaCopyDetectionMiddleware']
2026-09-10 18:38:45 [scrapy.middleware] INFO: Enabled item pipelines:
['marathi_scraper.pipelines.ExtractPipeline',
 'marathi_scraper.pipelines.FilterPipeline',
 'marathi_scraper.pipelines.LocalJsonlPipeline']
2026-09-10 18:38:45 [py.warnings] WARNING: C:\Users\saket\Downloads\marathi_scraper\marathi_scraper\.venv\Lib\site-packages\scrapy\pipelines\__init__.py:66: ScrapyDeprecationWarning: ExtractPipeline.process_item() requires a spider argument, this is deprecated and the argument will not be passed in future Scrapy versions. If you need to access the spider instance you can save the crawler instance passed to from_crawler() and use its spider attribute.
  self._check_mw_method_spider_arg(mw.process_item)

2026-09-10 18:38:45 [py.warnings] WARNING: C:\Users\saket\Downloads\marathi_scraper\marathi_scraper\.venv\Lib\site-packages\scrapy\pipelines\__init__.py:66: ScrapyDeprecationWarning: FilterPipeline.process_item() requires a spider argument, this is deprecated and the argument will not be passed in future Scrapy versions. If you need to access the spider instance you can save the crawler instance passed to from_crawler() and use its spider attribute.
  self._check_mw_method_spider_arg(mw.process_item)

2026-09-10 18:38:45 [py.warnings] WARNING: C:\Users\saket\Downloads\marathi_scraper\marathi_scraper\.venv\Lib\site-packages\scrapy\pipelines\__init__.py:60: ScrapyDeprecationWarning: LocalJsonlPipeline.open_spider() requires a spider argument, this is deprecated and the argument will not be passed in future Scrapy versions. If you need to access the spider instance you can save the crawler instance passed to from_crawler() and use its spider attribute.
  self._check_mw_method_spider_arg(mw.open_spider)

2026-09-10 18:38:45 [py.warnings] WARNING: C:\Users\saket\Downloads\marathi_scraper\marathi_scraper\.venv\Lib\site-packages\scrapy\pipelines\__init__.py:63: ScrapyDeprecationWarning: LocalJsonlPipeline.close_spider() requires a spider argument, this is deprecated and the argument will not be passed in future Scrapy versions. If you need to access the spider instance you can save the crawler instance passed to from_crawler() and use its spider attribute.
  self._check_mw_method_spider_arg(mw.close_spider)

2026-09-10 18:38:45 [py.warnings] WARNING: C:\Users\saket\Downloads\marathi_scraper\marathi_scraper\.venv\Lib\site-packages\scrapy\pipelines\__init__.py:66: ScrapyDeprecationWarning: LocalJsonlPipeline.process_item() requires a spider argument, this is deprecated and the argument will not be passed in future Scrapy versions. If you need to access the spider instance you can save the crawler instance passed to from_crawler() and use its spider attribute.
  self._check_mw_method_spider_arg(mw.process_item)

2026-09-10 18:38:45 [scrapy.core.engine] INFO: Spider opened
2026-09-10 18:38:45 [scrapy.extensions.logstats] INFO: Crawled 0 pages (at 0 pages/min), scraped 0 items (at 0 items/min)
2026-09-10 18:38:45 [scrapy.extensions.telnet] INFO: Telnet console listening on 127.0.0.1:6023
2026-09-10 18:38:45 [scrapy.core.engine] INFO: Closing spider (finished)
2026-09-10 18:38:45 [finance_spider] INFO: spider finished — auto-triggering stage 2 (clean/dedup/export)
2026-09-10 18:38:45 [clean_corpus] ERROR: stage2 failed for run 20260910T130845Z-4acebf13; raw input was left in place and dedup state was not committed
Traceback (most recent call last):
  File "C:\Users\saket\Downloads\marathi_scraper\marathi_scraper\corpus_cleaner\clean_corpus.py", line 147, in run
    raise ValueError(
ValueError: upload=True requires a non-empty S3 bucket
2026-09-10 18:38:45 [finance_spider] ERROR: stage 2 failed; raw JSONL was retained. Run corpus_cleaner manually to retry.
Traceback (most recent call last):
  File "C:\Users\saket\Downloads\marathi_scraper\marathi_scraper\marathi_scraper\extensions.py", line 62, in spider_closed
    stats = run_stage2(
            ^^^^^^^^^^^
  File "C:\Users\saket\Downloads\marathi_scraper\marathi_scraper\corpus_cleaner\clean_corpus.py", line 147, in run
    raise ValueError(
ValueError: upload=True requires a non-empty S3 bucket
2026-09-10 18:38:45 [scrapy.extensions.feedexport] INFO: Stored jsonl feed (0 items) in: test_output.jsonl
2026-09-10 18:38:45 [scrapy.statscollectors] INFO: Dumping Scrapy stats:
{'dupefilter/filtered': 1,
 'elapsed_time_seconds': 0.01600000000325963,
 'feedexport/success_count/FileFeedStorage': 1,
 'finish_reason': 'finished',
 'finish_time': datetime.datetime(2026, 9, 10, 13, 8, 45, 230556, tzinfo=datetime.timezone.utc),
 'items_per_minute': None,
 'log_count/INFO': 3,
 'responses_per_minute': None,
 'start_time': datetime.datetime(2026, 9, 10, 13, 8, 45, 224256, tzinfo=datetime.timezone.utc)}
2026-09-10 18:38:45 [scrapy.core.engine] INFO: Spider closed (finished)
